"region","series","Unit","Date","Value"
"Alabama","Resident Population, NSA","Thous. of Persons","1992","4139.269"
"Alabama","Resident Population, NSA","Thous. of Persons","1993","4193.114"
"Alabama","Resident Population, NSA","Thous. of Persons","1994","4232.965"
"Alabama","Resident Population, NSA","Thous. of Persons","1995","4262.731"
"Alabama","Resident Population, NSA","Thous. of Persons","1996","4290.403"
"Alabama","Resident Population, NSA","Thous. of Persons","1997","4320.281"
"Alabama","Resident Population, NSA","Thous. of Persons","1998","4351.037"
"Alabama","Resident Population, NSA","Thous. of Persons","1999","4369.862"
"Alabama","Resident Population, NSA","Thous. of Persons","2000","4452.173"
"Alabama","Resident Population, NSA","Thous. of Persons","2001","4467.634"
"Alabama","Resident Population, NSA","Thous. of Persons","2002","4480.089"
"Alabama","Resident Population, NSA","Thous. of Persons","2003","4503.491"
"Alabama","Resident Population, NSA","Thous. of Persons","2004","4530.729"
"Alabama","Resident Population, NSA","Thous. of Persons","2005","4569.805"
"Alabama","Resident Population, NSA","Thous. of Persons","2006","4628.981"
"Alabama","Resident Population, NSA","Thous. of Persons","2007","4672.84"
"Alabama","Resident Population, NSA","Thous. of Persons","2008","4718.206"
"Alabama","Resident Population, NSA","Thous. of Persons","2009","4757.938"
"Alabama","Resident Population, NSA","Thous. of Persons","2010","4785.579"
"Alabama","Resident Population, NSA","Thous. of Persons","2011","4798.649"
"Alabama","Resident Population, NSA","Thous. of Persons","2012","4813.946"
"Alabama","Resident Population, NSA","Thous. of Persons","2013","4827.66"
"Alabama","Resident Population, NSA","Thous. of Persons","2014","4840.037"
"Alabama","Resident Population, NSA","Thous. of Persons","2015","4850.858"
"Alabama","Resident Population, NSA","Thous. of Persons","2016","4860.545"
"Alaska","Resident Population, NSA","Thous. of Persons","1992","587.073"
"Alaska","Resident Population, NSA","Thous. of Persons","1993","596.993"
"Alaska","Resident Population, NSA","Thous. of Persons","1994","600.624"
"Alaska","Resident Population, NSA","Thous. of Persons","1995","601.345"
"Alaska","Resident Population, NSA","Thous. of Persons","1996","604.918"
"Alaska","Resident Population, NSA","Thous. of Persons","1997","608.846"
"Alaska","Resident Population, NSA","Thous. of Persons","1998","615.205"
"Alaska","Resident Population, NSA","Thous. of Persons","1999","619.5"
"Alaska","Resident Population, NSA","Thous. of Persons","2000","627.963"
"Alaska","Resident Population, NSA","Thous. of Persons","2001","633.714"
"Alaska","Resident Population, NSA","Thous. of Persons","2002","642.337"
"Alaska","Resident Population, NSA","Thous. of Persons","2003","648.414"
"Alaska","Resident Population, NSA","Thous. of Persons","2004","659.286"
"Alaska","Resident Population, NSA","Thous. of Persons","2005","666.946"
"Alaska","Resident Population, NSA","Thous. of Persons","2006","675.302"
"Alaska","Resident Population, NSA","Thous. of Persons","2007","680.3"
"Alaska","Resident Population, NSA","Thous. of Persons","2008","687.455"
"Alaska","Resident Population, NSA","Thous. of Persons","2009","698.895"
"Alaska","Resident Population, NSA","Thous. of Persons","2010","714.015"
"Alaska","Resident Population, NSA","Thous. of Persons","2011","722.259"
"Alaska","Resident Population, NSA","Thous. of Persons","2012","730.825"
"Alaska","Resident Population, NSA","Thous. of Persons","2013","736.76"
"Alaska","Resident Population, NSA","Thous. of Persons","2014","736.759"
"Alaska","Resident Population, NSA","Thous. of Persons","2015","737.979"
"Alaska","Resident Population, NSA","Thous. of Persons","2016","741.522"
"Arizona","Resident Population, NSA","Thous. of Persons","1992","3867.333"
"Arizona","Resident Population, NSA","Thous. of Persons","1993","3993.39"
"Arizona","Resident Population, NSA","Thous. of Persons","1994","4147.561"
"Arizona","Resident Population, NSA","Thous. of Persons","1995","4306.908"
"Arizona","Resident Population, NSA","Thous. of Persons","1996","4432.308"
"Arizona","Resident Population, NSA","Thous. of Persons","1997","4552.207"
"Arizona","Resident Population, NSA","Thous. of Persons","1998","4667.277"
"Arizona","Resident Population, NSA","Thous. of Persons","1999","4778.332"
"Arizona","Resident Population, NSA","Thous. of Persons","2000","5160.586"
"Arizona","Resident Population, NSA","Thous. of Persons","2001","5273.477"
"Arizona","Resident Population, NSA","Thous. of Persons","2002","5396.255"
"Arizona","Resident Population, NSA","Thous. of Persons","2003","5510.364"
"Arizona","Resident Population, NSA","Thous. of Persons","2004","5652.404"
"Arizona","Resident Population, NSA","Thous. of Persons","2005","5839.077"
"Arizona","Resident Population, NSA","Thous. of Persons","2006","6029.141"
"Arizona","Resident Population, NSA","Thous. of Persons","2007","6167.681"
"Arizona","Resident Population, NSA","Thous. of Persons","2008","6280.362"
"Arizona","Resident Population, NSA","Thous. of Persons","2009","6343.154"
"Arizona","Resident Population, NSA","Thous. of Persons","2010","6407.002"
"Arizona","Resident Population, NSA","Thous. of Persons","2011","6465.488"
"Arizona","Resident Population, NSA","Thous. of Persons","2012","6544.211"
"Arizona","Resident Population, NSA","Thous. of Persons","2013","6616.124"
"Arizona","Resident Population, NSA","Thous. of Persons","2014","6706.435"
"Arizona","Resident Population, NSA","Thous. of Persons","2015","6802.262"
"Arizona","Resident Population, NSA","Thous. of Persons","2016","6908.642"
"Arkansas","Resident Population, NSA","Thous. of Persons","1992","2394.098"
"Arkansas","Resident Population, NSA","Thous. of Persons","1993","2423.743"
"Arkansas","Resident Population, NSA","Thous. of Persons","1994","2450.605"
"Arkansas","Resident Population, NSA","Thous. of Persons","1995","2480.121"
"Arkansas","Resident Population, NSA","Thous. of Persons","1996","2504.858"
"Arkansas","Resident Population, NSA","Thous. of Persons","1997","2524.007"
"Arkansas","Resident Population, NSA","Thous. of Persons","1998","2538.202"
"Arkansas","Resident Population, NSA","Thous. of Persons","1999","2551.373"
"Arkansas","Resident Population, NSA","Thous. of Persons","2000","2678.588"
"Arkansas","Resident Population, NSA","Thous. of Persons","2001","2691.571"
"Arkansas","Resident Population, NSA","Thous. of Persons","2002","2705.927"
"Arkansas","Resident Population, NSA","Thous. of Persons","2003","2724.816"
"Arkansas","Resident Population, NSA","Thous. of Persons","2004","2749.686"
"Arkansas","Resident Population, NSA","Thous. of Persons","2005","2781.097"
"Arkansas","Resident Population, NSA","Thous. of Persons","2006","2821.761"
"Arkansas","Resident Population, NSA","Thous. of Persons","2007","2848.65"
"Arkansas","Resident Population, NSA","Thous. of Persons","2008","2874.554"
"Arkansas","Resident Population, NSA","Thous. of Persons","2009","2896.843"
"Arkansas","Resident Population, NSA","Thous. of Persons","2010","2921.737"
"Arkansas","Resident Population, NSA","Thous. of Persons","2011","2938.64"
"Arkansas","Resident Population, NSA","Thous. of Persons","2012","2949.208"
"Arkansas","Resident Population, NSA","Thous. of Persons","2013","2956.78"
"Arkansas","Resident Population, NSA","Thous. of Persons","2014","2964.8"
"Arkansas","Resident Population, NSA","Thous. of Persons","2015","2975.626"
"Arkansas","Resident Population, NSA","Thous. of Persons","2016","2988.231"
"California","Resident Population, NSA","Thous. of Persons","1992","30875.92"
"California","Resident Population, NSA","Thous. of Persons","1993","31147.208"
"California","Resident Population, NSA","Thous. of Persons","1994","31317.179"
"California","Resident Population, NSA","Thous. of Persons","1995","31493.525"
"California","Resident Population, NSA","Thous. of Persons","1996","31780.829"
"California","Resident Population, NSA","Thous. of Persons","1997","32217.708"
"California","Resident Population, NSA","Thous. of Persons","1998","32682.794"
"California","Resident Population, NSA","Thous. of Persons","1999","33145.121"
"California","Resident Population, NSA","Thous. of Persons","2000","33987.977"
"California","Resident Population, NSA","Thous. of Persons","2001","34479.458"
"California","Resident Population, NSA","Thous. of Persons","2002","34871.843"
"California","Resident Population, NSA","Thous. of Persons","2003","35253.159"
"California","Resident Population, NSA","Thous. of Persons","2004","35574.576"
"California","Resident Population, NSA","Thous. of Persons","2005","35827.943"
"California","Resident Population, NSA","Thous. of Persons","2006","36021.202"
"California","Resident Population, NSA","Thous. of Persons","2007","36250.311"
"California","Resident Population, NSA","Thous. of Persons","2008","36604.337"
"California","Resident Population, NSA","Thous. of Persons","2009","36961.229"
"California","Resident Population, NSA","Thous. of Persons","2010","37327.69"
"California","Resident Population, NSA","Thous. of Persons","2011","37672.654"
"California","Resident Population, NSA","Thous. of Persons","2012","38019.006"
"California","Resident Population, NSA","Thous. of Persons","2013","38347.383"
"California","Resident Population, NSA","Thous. of Persons","2014","38701.278"
"California","Resident Population, NSA","Thous. of Persons","2015","39032.444"
"California","Resident Population, NSA","Thous. of Persons","2016","39296.476"
"Colorado","Resident Population, NSA","Thous. of Persons","1992","3459.995"
"Colorado","Resident Population, NSA","Thous. of Persons","1993","3560.884"
"Colorado","Resident Population, NSA","Thous. of Persons","1994","3653.91"
"Colorado","Resident Population, NSA","Thous. of Persons","1995","3738.061"
"Colorado","Resident Population, NSA","Thous. of Persons","1996","3812.716"
"Colorado","Resident Population, NSA","Thous. of Persons","1997","3891.293"
"Colorado","Resident Population, NSA","Thous. of Persons","1998","3968.967"
"Colorado","Resident Population, NSA","Thous. of Persons","1999","4056.133"
"Colorado","Resident Population, NSA","Thous. of Persons","2000","4326.921"
"Colorado","Resident Population, NSA","Thous. of Persons","2001","4425.687"
"Colorado","Resident Population, NSA","Thous. of Persons","2002","4490.406"
"Colorado","Resident Population, NSA","Thous. of Persons","2003","4528.732"
"Colorado","Resident Population, NSA","Thous. of Persons","2004","4575.013"
"Colorado","Resident Population, NSA","Thous. of Persons","2005","4631.888"
"Colorado","Resident Population, NSA","Thous. of Persons","2006","4720.423"
"Colorado","Resident Population, NSA","Thous. of Persons","2007","4803.868"
"Colorado","Resident Population, NSA","Thous. of Persons","2008","4889.73"
"Colorado","Resident Population, NSA","Thous. of Persons","2009","4972.195"
"Colorado","Resident Population, NSA","Thous. of Persons","2010","5048.029"
"Colorado","Resident Population, NSA","Thous. of Persons","2011","5116.411"
"Colorado","Resident Population, NSA","Thous. of Persons","2012","5186.33"
"Colorado","Resident Population, NSA","Thous. of Persons","2013","5262.556"
"Colorado","Resident Population, NSA","Thous. of Persons","2014","5342.311"
"Colorado","Resident Population, NSA","Thous. of Persons","2015","5440.445"
"Colorado","Resident Population, NSA","Thous. of Persons","2016","5530.105"
"Connecticut","Resident Population, NSA","Thous. of Persons","1992","3274.997"
"Connecticut","Resident Population, NSA","Thous. of Persons","1993","3272.325"
"Connecticut","Resident Population, NSA","Thous. of Persons","1994","3268.346"
"Connecticut","Resident Population, NSA","Thous. of Persons","1995","3265.293"
"Connecticut","Resident Population, NSA","Thous. of Persons","1996","3267.03"
"Connecticut","Resident Population, NSA","Thous. of Persons","1997","3268.514"
"Connecticut","Resident Population, NSA","Thous. of Persons","1998","3272.563"
"Connecticut","Resident Population, NSA","Thous. of Persons","1999","3282.031"
"Connecticut","Resident Population, NSA","Thous. of Persons","2000","3411.777"
"Connecticut","Resident Population, NSA","Thous. of Persons","2001","3432.835"
"Connecticut","Resident Population, NSA","Thous. of Persons","2002","3458.749"
"Connecticut","Resident Population, NSA","Thous. of Persons","2003","3484.336"
"Connecticut","Resident Population, NSA","Thous. of Persons","2004","3496.094"
"Connecticut","Resident Population, NSA","Thous. of Persons","2005","3506.956"
"Connecticut","Resident Population, NSA","Thous. of Persons","2006","3517.46"
"Connecticut","Resident Population, NSA","Thous. of Persons","2007","3527.27"
"Connecticut","Resident Population, NSA","Thous. of Persons","2008","3545.579"
"Connecticut","Resident Population, NSA","Thous. of Persons","2009","3561.807"
"Connecticut","Resident Population, NSA","Thous. of Persons","2010","3580.171"
"Connecticut","Resident Population, NSA","Thous. of Persons","2011","3591.927"
"Connecticut","Resident Population, NSA","Thous. of Persons","2012","3597.705"
"Connecticut","Resident Population, NSA","Thous. of Persons","2013","3602.47"
"Connecticut","Resident Population, NSA","Thous. of Persons","2014","3600.188"
"Connecticut","Resident Population, NSA","Thous. of Persons","2015","3593.862"
"Connecticut","Resident Population, NSA","Thous. of Persons","2016","3587.685"
"Delaware","Resident Population, NSA","Thous. of Persons","1992","690.158"
"Delaware","Resident Population, NSA","Thous. of Persons","1993","699.475"
"Delaware","Resident Population, NSA","Thous. of Persons","1994","708.416"
"Delaware","Resident Population, NSA","Thous. of Persons","1995","718.265"
"Delaware","Resident Population, NSA","Thous. of Persons","1996","727.09"
"Delaware","Resident Population, NSA","Thous. of Persons","1997","735.024"
"Delaware","Resident Population, NSA","Thous. of Persons","1998","744.066"
"Delaware","Resident Population, NSA","Thous. of Persons","1999","753.538"
"Delaware","Resident Population, NSA","Thous. of Persons","2000","786.373"
"Delaware","Resident Population, NSA","Thous. of Persons","2001","795.699"
"Delaware","Resident Population, NSA","Thous. of Persons","2002","806.169"
"Delaware","Resident Population, NSA","Thous. of Persons","2003","818.003"
"Delaware","Resident Population, NSA","Thous. of Persons","2004","830.803"
"Delaware","Resident Population, NSA","Thous. of Persons","2005","845.15"
"Delaware","Resident Population, NSA","Thous. of Persons","2006","859.268"
"Delaware","Resident Population, NSA","Thous. of Persons","2007","871.749"
"Delaware","Resident Population, NSA","Thous. of Persons","2008","883.874"
"Delaware","Resident Population, NSA","Thous. of Persons","2009","891.73"
"Delaware","Resident Population, NSA","Thous. of Persons","2010","899.712"
"Delaware","Resident Population, NSA","Thous. of Persons","2011","907.884"
"Delaware","Resident Population, NSA","Thous. of Persons","2012","916.868"
"Delaware","Resident Population, NSA","Thous. of Persons","2013","925.114"
"Delaware","Resident Population, NSA","Thous. of Persons","2014","934.805"
"Delaware","Resident Population, NSA","Thous. of Persons","2015","944.107"
"Delaware","Resident Population, NSA","Thous. of Persons","2016","952.698"
"District of Columbia, DC","Resident Population, NSA","Thous. of Persons","1992","597.565"
"District of Columbia, DC","Resident Population, NSA","Thous. of Persons","1993","595.301"
"District of Columbia, DC","Resident Population, NSA","Thous. of Persons","1994","589.239"
"District of Columbia, DC","Resident Population, NSA","Thous. of Persons","1995","580.517"
"District of Columbia, DC","Resident Population, NSA","Thous. of Persons","1996","572.377"
"District of Columbia, DC","Resident Population, NSA","Thous. of Persons","1997","567.736"
"District of Columbia, DC","Resident Population, NSA","Thous. of Persons","1998","565.23"
"District of Columbia, DC","Resident Population, NSA","Thous. of Persons","1999","570.213"
"District of Columbia, DC","Resident Population, NSA","Thous. of Persons","2000","571.776"
"District of Columbia, DC","Resident Population, NSA","Thous. of Persons","2001","578.228"
"District of Columbia, DC","Resident Population, NSA","Thous. of Persons","2002","579.736"
"District of Columbia, DC","Resident Population, NSA","Thous. of Persons","2003","577.844"
"District of Columbia, DC","Resident Population, NSA","Thous. of Persons","2004","579.89"
"District of Columbia, DC","Resident Population, NSA","Thous. of Persons","2005","582.049"
"District of Columbia, DC","Resident Population, NSA","Thous. of Persons","2006","583.841"
"District of Columbia, DC","Resident Population, NSA","Thous. of Persons","2007","585.916"
"District of Columbia, DC","Resident Population, NSA","Thous. of Persons","2008","589.929"
"District of Columbia, DC","Resident Population, NSA","Thous. of Persons","2009","599.975"
"District of Columbia, DC","Resident Population, NSA","Thous. of Persons","2010","605.04"
"District of Columbia, DC","Resident Population, NSA","Thous. of Persons","2011","620.336"
"District of Columbia, DC","Resident Population, NSA","Thous. of Persons","2012","635.63"
"District of Columbia, DC","Resident Population, NSA","Thous. of Persons","2013","650.114"
"District of Columbia, DC","Resident Population, NSA","Thous. of Persons","2014","660.797"
"District of Columbia, DC","Resident Population, NSA","Thous. of Persons","2015","672.736"
"District of Columbia, DC","Resident Population, NSA","Thous. of Persons","2016","684.336"
"Florida","Resident Population, NSA","Thous. of Persons","1992","13504.775"
"Florida","Resident Population, NSA","Thous. of Persons","1993","13713.593"
"Florida","Resident Population, NSA","Thous. of Persons","1994","13961.798"
"Florida","Resident Population, NSA","Thous. of Persons","1995","14185.403"
"Florida","Resident Population, NSA","Thous. of Persons","1996","14426.911"
"Florida","Resident Population, NSA","Thous. of Persons","1997","14683.35"
"Florida","Resident Population, NSA","Thous. of Persons","1998","14908.23"
"Florida","Resident Population, NSA","Thous. of Persons","1999","15111.244"
"Florida","Resident Population, NSA","Thous. of Persons","2000","16047.515"
"Florida","Resident Population, NSA","Thous. of Persons","2001","16356.966"
"Florida","Resident Population, NSA","Thous. of Persons","2002","16689.37"
"Florida","Resident Population, NSA","Thous. of Persons","2003","17004.085"
"Florida","Resident Population, NSA","Thous. of Persons","2004","17415.318"
"Florida","Resident Population, NSA","Thous. of Persons","2005","17842.038"
"Florida","Resident Population, NSA","Thous. of Persons","2006","18166.99"
"Florida","Resident Population, NSA","Thous. of Persons","2007","18367.842"
"Florida","Resident Population, NSA","Thous. of Persons","2008","18527.305"
"Florida","Resident Population, NSA","Thous. of Persons","2009","18652.644"
"Florida","Resident Population, NSA","Thous. of Persons","2010","18846.461"
"Florida","Resident Population, NSA","Thous. of Persons","2011","19097.369"
"Florida","Resident Population, NSA","Thous. of Persons","2012","19341.327"
"Florida","Resident Population, NSA","Thous. of Persons","2013","19584.927"
"Florida","Resident Population, NSA","Thous. of Persons","2014","19897.747"
"Florida","Resident Population, NSA","Thous. of Persons","2015","20268.567"
"Florida","Resident Population, NSA","Thous. of Persons","2016","20656.589"
"Georgia","Resident Population, NSA","Thous. of Persons","1992","6759.474"
"Georgia","Resident Population, NSA","Thous. of Persons","1993","6894.092"
"Georgia","Resident Population, NSA","Thous. of Persons","1994","7045.9"
"Georgia","Resident Population, NSA","Thous. of Persons","1995","7188.538"
"Georgia","Resident Population, NSA","Thous. of Persons","1996","7332.225"
"Georgia","Resident Population, NSA","Thous. of Persons","1997","7486.094"
"Georgia","Resident Population, NSA","Thous. of Persons","1998","7636.522"
"Georgia","Resident Population, NSA","Thous. of Persons","1999","7788.24"
"Georgia","Resident Population, NSA","Thous. of Persons","2000","8227.303"
"Georgia","Resident Population, NSA","Thous. of Persons","2001","8377.038"
"Georgia","Resident Population, NSA","Thous. of Persons","2002","8508.256"
"Georgia","Resident Population, NSA","Thous. of Persons","2003","8622.793"
"Georgia","Resident Population, NSA","Thous. of Persons","2004","8769.252"
"Georgia","Resident Population, NSA","Thous. of Persons","2005","8925.922"
"Georgia","Resident Population, NSA","Thous. of Persons","2006","9155.813"
"Georgia","Resident Population, NSA","Thous. of Persons","2007","9349.988"
"Georgia","Resident Population, NSA","Thous. of Persons","2008","9504.843"
"Georgia","Resident Population, NSA","Thous. of Persons","2009","9620.846"
"Georgia","Resident Population, NSA","Thous. of Persons","2010","9712.696"
"Georgia","Resident Population, NSA","Thous. of Persons","2011","9810.595"
"Georgia","Resident Population, NSA","Thous. of Persons","2012","9911.171"
"Georgia","Resident Population, NSA","Thous. of Persons","2013","9981.773"
"Georgia","Resident Population, NSA","Thous. of Persons","2014","10083.85"
"Georgia","Resident Population, NSA","Thous. of Persons","2015","10199.533"
"Georgia","Resident Population, NSA","Thous. of Persons","2016","10313.62"
"Hawaii","Resident Population, NSA","Thous. of Persons","1992","1149.926"
"Hawaii","Resident Population, NSA","Thous. of Persons","1993","1161.508"
"Hawaii","Resident Population, NSA","Thous. of Persons","1994","1173.903"
"Hawaii","Resident Population, NSA","Thous. of Persons","1995","1180.49"
"Hawaii","Resident Population, NSA","Thous. of Persons","1996","1184.434"
"Hawaii","Resident Population, NSA","Thous. of Persons","1997","1189.322"
"Hawaii","Resident Population, NSA","Thous. of Persons","1998","1190.472"
"Hawaii","Resident Population, NSA","Thous. of Persons","1999","1185.497"
"Hawaii","Resident Population, NSA","Thous. of Persons","2000","1213.519"
"Hawaii","Resident Population, NSA","Thous. of Persons","2001","1225.948"
"Hawaii","Resident Population, NSA","Thous. of Persons","2002","1239.613"
"Hawaii","Resident Population, NSA","Thous. of Persons","2003","1251.154"
"Hawaii","Resident Population, NSA","Thous. of Persons","2004","1273.569"
"Hawaii","Resident Population, NSA","Thous. of Persons","2005","1292.729"
"Hawaii","Resident Population, NSA","Thous. of Persons","2006","1309.731"
"Hawaii","Resident Population, NSA","Thous. of Persons","2007","1315.675"
"Hawaii","Resident Population, NSA","Thous. of Persons","2008","1332.213"
"Hawaii","Resident Population, NSA","Thous. of Persons","2009","1346.717"
"Hawaii","Resident Population, NSA","Thous. of Persons","2010","1363.817"
"Hawaii","Resident Population, NSA","Thous. of Persons","2011","1378.323"
"Hawaii","Resident Population, NSA","Thous. of Persons","2012","1392.772"
"Hawaii","Resident Population, NSA","Thous. of Persons","2013","1408.038"
"Hawaii","Resident Population, NSA","Thous. of Persons","2014","1417.71"
"Hawaii","Resident Population, NSA","Thous. of Persons","2015","1426.32"
"Hawaii","Resident Population, NSA","Thous. of Persons","2016","1428.683"
"Idaho","Resident Population, NSA","Thous. of Persons","1992","1066.49"
"Idaho","Resident Population, NSA","Thous. of Persons","1993","1101.204"
"Idaho","Resident Population, NSA","Thous. of Persons","1994","1135.459"
"Idaho","Resident Population, NSA","Thous. of Persons","1995","1165"
"Idaho","Resident Population, NSA","Thous. of Persons","1996","1187.706"
"Idaho","Resident Population, NSA","Thous. of Persons","1997","1210.638"
"Idaho","Resident Population, NSA","Thous. of Persons","1998","1230.923"
"Idaho","Resident Population, NSA","Thous. of Persons","1999","1251.7"
"Idaho","Resident Population, NSA","Thous. of Persons","2000","1299.43"
"Idaho","Resident Population, NSA","Thous. of Persons","2001","1319.962"
"Idaho","Resident Population, NSA","Thous. of Persons","2002","1340.372"
"Idaho","Resident Population, NSA","Thous. of Persons","2003","1363.38"
"Idaho","Resident Population, NSA","Thous. of Persons","2004","1391.802"
"Idaho","Resident Population, NSA","Thous. of Persons","2005","1428.241"
"Idaho","Resident Population, NSA","Thous. of Persons","2006","1468.669"
"Idaho","Resident Population, NSA","Thous. of Persons","2007","1505.105"
"Idaho","Resident Population, NSA","Thous. of Persons","2008","1534.32"
"Idaho","Resident Population, NSA","Thous. of Persons","2009","1554.439"
"Idaho","Resident Population, NSA","Thous. of Persons","2010","1570.912"
"Idaho","Resident Population, NSA","Thous. of Persons","2011","1583.18"
"Idaho","Resident Population, NSA","Thous. of Persons","2012","1594.673"
"Idaho","Resident Population, NSA","Thous. of Persons","2013","1610.187"
"Idaho","Resident Population, NSA","Thous. of Persons","2014","1630.391"
"Idaho","Resident Population, NSA","Thous. of Persons","2015","1649.324"
"Idaho","Resident Population, NSA","Thous. of Persons","2016","1680.026"
"Illinois","Resident Population, NSA","Thous. of Persons","1992","11635.197"
"Illinois","Resident Population, NSA","Thous. of Persons","1993","11725.984"
"Illinois","Resident Population, NSA","Thous. of Persons","1994","11804.986"
"Illinois","Resident Population, NSA","Thous. of Persons","1995","11884.935"
"Illinois","Resident Population, NSA","Thous. of Persons","1996","11953.003"
"Illinois","Resident Population, NSA","Thous. of Persons","1997","12011.509"
"Illinois","Resident Population, NSA","Thous. of Persons","1998","12069.774"
"Illinois","Resident Population, NSA","Thous. of Persons","1999","12128.37"
"Illinois","Resident Population, NSA","Thous. of Persons","2000","12434.161"
"Illinois","Resident Population, NSA","Thous. of Persons","2001","12488.445"
"Illinois","Resident Population, NSA","Thous. of Persons","2002","12525.556"
"Illinois","Resident Population, NSA","Thous. of Persons","2003","12556.006"
"Illinois","Resident Population, NSA","Thous. of Persons","2004","12589.773"
"Illinois","Resident Population, NSA","Thous. of Persons","2005","12609.903"
"Illinois","Resident Population, NSA","Thous. of Persons","2006","12643.955"
"Illinois","Resident Population, NSA","Thous. of Persons","2007","12695.866"
"Illinois","Resident Population, NSA","Thous. of Persons","2008","12747.038"
"Illinois","Resident Population, NSA","Thous. of Persons","2009","12796.778"
"Illinois","Resident Population, NSA","Thous. of Persons","2010","12841.196"
"Illinois","Resident Population, NSA","Thous. of Persons","2011","12862.298"
"Illinois","Resident Population, NSA","Thous. of Persons","2012","12878.494"
"Illinois","Resident Population, NSA","Thous. of Persons","2013","12890.403"
"Illinois","Resident Population, NSA","Thous. of Persons","2014","12882.438"
"Illinois","Resident Population, NSA","Thous. of Persons","2015","12862.051"
"Illinois","Resident Population, NSA","Thous. of Persons","2016","12835.726"
"Indiana","Resident Population, NSA","Thous. of Persons","1992","5648.649"
"Indiana","Resident Population, NSA","Thous. of Persons","1993","5701.965"
"Indiana","Resident Population, NSA","Thous. of Persons","1994","5745.626"
"Indiana","Resident Population, NSA","Thous. of Persons","1995","5791.819"
"Indiana","Resident Population, NSA","Thous. of Persons","1996","5834.908"
"Indiana","Resident Population, NSA","Thous. of Persons","1997","5872.37"
"Indiana","Resident Population, NSA","Thous. of Persons","1998","5907.617"
"Indiana","Resident Population, NSA","Thous. of Persons","1999","5942.901"
"Indiana","Resident Population, NSA","Thous. of Persons","2000","6091.866"
"Indiana","Resident Population, NSA","Thous. of Persons","2001","6127.76"
"Indiana","Resident Population, NSA","Thous. of Persons","2002","6155.967"
"Indiana","Resident Population, NSA","Thous. of Persons","2003","6196.638"
"Indiana","Resident Population, NSA","Thous. of Persons","2004","6233.007"
"Indiana","Resident Population, NSA","Thous. of Persons","2005","6278.616"
"Indiana","Resident Population, NSA","Thous. of Persons","2006","6332.669"
"Indiana","Resident Population, NSA","Thous. of Persons","2007","6379.599"
"Indiana","Resident Population, NSA","Thous. of Persons","2008","6424.806"
"Indiana","Resident Population, NSA","Thous. of Persons","2009","6459.325"
"Indiana","Resident Population, NSA","Thous. of Persons","2010","6490.029"
"Indiana","Resident Population, NSA","Thous. of Persons","2011","6515.358"
"Indiana","Resident Population, NSA","Thous. of Persons","2012","6535.665"
"Indiana","Resident Population, NSA","Thous. of Persons","2013","6567.484"
"Indiana","Resident Population, NSA","Thous. of Persons","2014","6593.182"
"Indiana","Resident Population, NSA","Thous. of Persons","2015","6610.596"
"Indiana","Resident Population, NSA","Thous. of Persons","2016","6634.007"
"Iowa","Resident Population, NSA","Thous. of Persons","1992","2806.923"
"Iowa","Resident Population, NSA","Thous. of Persons","1993","2820.525"
"Iowa","Resident Population, NSA","Thous. of Persons","1994","2829.422"
"Iowa","Resident Population, NSA","Thous. of Persons","1995","2840.86"
"Iowa","Resident Population, NSA","Thous. of Persons","1996","2848.473"
"Iowa","Resident Population, NSA","Thous. of Persons","1997","2854.396"
"Iowa","Resident Population, NSA","Thous. of Persons","1998","2861.025"
"Iowa","Resident Population, NSA","Thous. of Persons","1999","2869.413"
"Iowa","Resident Population, NSA","Thous. of Persons","2000","2929.067"
"Iowa","Resident Population, NSA","Thous. of Persons","2001","2931.997"
"Iowa","Resident Population, NSA","Thous. of Persons","2002","2934.234"
"Iowa","Resident Population, NSA","Thous. of Persons","2003","2941.999"
"Iowa","Resident Population, NSA","Thous. of Persons","2004","2953.635"
"Iowa","Resident Population, NSA","Thous. of Persons","2005","2964.454"
"Iowa","Resident Population, NSA","Thous. of Persons","2006","2982.644"
"Iowa","Resident Population, NSA","Thous. of Persons","2007","2999.212"
"Iowa","Resident Population, NSA","Thous. of Persons","2008","3016.734"
"Iowa","Resident Population, NSA","Thous. of Persons","2009","3032.87"
"Iowa","Resident Population, NSA","Thous. of Persons","2010","3050.223"
"Iowa","Resident Population, NSA","Thous. of Persons","2011","3063.69"
"Iowa","Resident Population, NSA","Thous. of Persons","2012","3074.386"
"Iowa","Resident Population, NSA","Thous. of Persons","2013","3089.876"
"Iowa","Resident Population, NSA","Thous. of Persons","2014","3105.563"
"Iowa","Resident Population, NSA","Thous. of Persons","2015","3118.473"
"Iowa","Resident Population, NSA","Thous. of Persons","2016","3130.869"
"Kansas","Resident Population, NSA","Thous. of Persons","1992","2526.042"
"Kansas","Resident Population, NSA","Thous. of Persons","1993","2547.605"
"Kansas","Resident Population, NSA","Thous. of Persons","1994","2569.118"
"Kansas","Resident Population, NSA","Thous. of Persons","1995","2586.942"
"Kansas","Resident Population, NSA","Thous. of Persons","1996","2598.266"
"Kansas","Resident Population, NSA","Thous. of Persons","1997","2616.339"
"Kansas","Resident Population, NSA","Thous. of Persons","1998","2638.667"
"Kansas","Resident Population, NSA","Thous. of Persons","1999","2654.052"
"Kansas","Resident Population, NSA","Thous. of Persons","2000","2693.681"
"Kansas","Resident Population, NSA","Thous. of Persons","2001","2702.162"
"Kansas","Resident Population, NSA","Thous. of Persons","2002","2713.535"
"Kansas","Resident Population, NSA","Thous. of Persons","2003","2723.004"
"Kansas","Resident Population, NSA","Thous. of Persons","2004","2734.373"
"Kansas","Resident Population, NSA","Thous. of Persons","2005","2745.299"
"Kansas","Resident Population, NSA","Thous. of Persons","2006","2762.931"
"Kansas","Resident Population, NSA","Thous. of Persons","2007","2783.785"
"Kansas","Resident Population, NSA","Thous. of Persons","2008","2808.076"
"Kansas","Resident Population, NSA","Thous. of Persons","2009","2832.704"
"Kansas","Resident Population, NSA","Thous. of Persons","2010","2858.403"
"Kansas","Resident Population, NSA","Thous. of Persons","2011","2868.756"
"Kansas","Resident Population, NSA","Thous. of Persons","2012","2885.316"
"Kansas","Resident Population, NSA","Thous. of Persons","2013","2892.9"
"Kansas","Resident Population, NSA","Thous. of Persons","2014","2899.553"
"Kansas","Resident Population, NSA","Thous. of Persons","2015","2905.789"
"Kansas","Resident Population, NSA","Thous. of Persons","2016","2907.731"
"Kentucky","Resident Population, NSA","Thous. of Persons","1992","3756.358"
"Kentucky","Resident Population, NSA","Thous. of Persons","1993","3792.288"
"Kentucky","Resident Population, NSA","Thous. of Persons","1994","3823.215"
"Kentucky","Resident Population, NSA","Thous. of Persons","1995","3855.248"
"Kentucky","Resident Population, NSA","Thous. of Persons","1996","3881.051"
"Kentucky","Resident Population, NSA","Thous. of Persons","1997","3907.816"
"Kentucky","Resident Population, NSA","Thous. of Persons","1998","3934.31"
"Kentucky","Resident Population, NSA","Thous. of Persons","1999","3960.825"
"Kentucky","Resident Population, NSA","Thous. of Persons","2000","4049.021"
"Kentucky","Resident Population, NSA","Thous. of Persons","2001","4068.132"
"Kentucky","Resident Population, NSA","Thous. of Persons","2002","4089.875"
"Kentucky","Resident Population, NSA","Thous. of Persons","2003","4117.17"
"Kentucky","Resident Population, NSA","Thous. of Persons","2004","4146.101"
"Kentucky","Resident Population, NSA","Thous. of Persons","2005","4182.742"
"Kentucky","Resident Population, NSA","Thous. of Persons","2006","4219.239"
"Kentucky","Resident Population, NSA","Thous. of Persons","2007","4256.672"
"Kentucky","Resident Population, NSA","Thous. of Persons","2008","4289.878"
"Kentucky","Resident Population, NSA","Thous. of Persons","2009","4317.074"
"Kentucky","Resident Population, NSA","Thous. of Persons","2010","4347.948"
"Kentucky","Resident Population, NSA","Thous. of Persons","2011","4368.505"
"Kentucky","Resident Population, NSA","Thous. of Persons","2012","4383.673"
"Kentucky","Resident Population, NSA","Thous. of Persons","2013","4399.121"
"Kentucky","Resident Population, NSA","Thous. of Persons","2014","4410.415"
"Kentucky","Resident Population, NSA","Thous. of Persons","2015","4422.057"
"Kentucky","Resident Population, NSA","Thous. of Persons","2016","4436.113"
"Louisiana","Resident Population, NSA","Thous. of Persons","1992","4270.849"
"Louisiana","Resident Population, NSA","Thous. of Persons","1993","4284.749"
"Louisiana","Resident Population, NSA","Thous. of Persons","1994","4306.5"
"Louisiana","Resident Population, NSA","Thous. of Persons","1995","4327.978"
"Louisiana","Resident Population, NSA","Thous. of Persons","1996","4338.763"
"Louisiana","Resident Population, NSA","Thous. of Persons","1997","4351.39"
"Louisiana","Resident Population, NSA","Thous. of Persons","1998","4362.758"
"Louisiana","Resident Population, NSA","Thous. of Persons","1999","4372.035"
"Louisiana","Resident Population, NSA","Thous. of Persons","2000","4471.885"
"Louisiana","Resident Population, NSA","Thous. of Persons","2001","4477.875"
"Louisiana","Resident Population, NSA","Thous. of Persons","2002","4497.267"
"Louisiana","Resident Population, NSA","Thous. of Persons","2003","4521.042"
"Louisiana","Resident Population, NSA","Thous. of Persons","2004","4552.238"
"Louisiana","Resident Population, NSA","Thous. of Persons","2005","4576.628"
"Louisiana","Resident Population, NSA","Thous. of Persons","2006","4302.665"
"Louisiana","Resident Population, NSA","Thous. of Persons","2007","4375.581"
"Louisiana","Resident Population, NSA","Thous. of Persons","2008","4435.586"
"Louisiana","Resident Population, NSA","Thous. of Persons","2009","4491.648"
"Louisiana","Resident Population, NSA","Thous. of Persons","2010","4544.871"
"Louisiana","Resident Population, NSA","Thous. of Persons","2011","4574.388"
"Louisiana","Resident Population, NSA","Thous. of Persons","2012","4602.681"
"Louisiana","Resident Population, NSA","Thous. of Persons","2013","4626.795"
"Louisiana","Resident Population, NSA","Thous. of Persons","2014","4648.797"
"Louisiana","Resident Population, NSA","Thous. of Persons","2015","4671.211"
"Louisiana","Resident Population, NSA","Thous. of Persons","2016","4686.157"
"Maine","Resident Population, NSA","Thous. of Persons","1992","1235.748"
"Maine","Resident Population, NSA","Thous. of Persons","1993","1238.256"
"Maine","Resident Population, NSA","Thous. of Persons","1994","1237.687"
"Maine","Resident Population, NSA","Thous. of Persons","1995","1237.438"
"Maine","Resident Population, NSA","Thous. of Persons","1996","1241.436"
"Maine","Resident Population, NSA","Thous. of Persons","1997","1245.215"
"Maine","Resident Population, NSA","Thous. of Persons","1998","1247.554"
"Maine","Resident Population, NSA","Thous. of Persons","1999","1253.04"
"Maine","Resident Population, NSA","Thous. of Persons","2000","1277.072"
"Maine","Resident Population, NSA","Thous. of Persons","2001","1285.692"
"Maine","Resident Population, NSA","Thous. of Persons","2002","1295.96"
"Maine","Resident Population, NSA","Thous. of Persons","2003","1306.513"
"Maine","Resident Population, NSA","Thous. of Persons","2004","1313.688"
"Maine","Resident Population, NSA","Thous. of Persons","2005","1318.787"
"Maine","Resident Population, NSA","Thous. of Persons","2006","1323.619"
"Maine","Resident Population, NSA","Thous. of Persons","2007","1327.04"
"Maine","Resident Population, NSA","Thous. of Persons","2008","1330.509"
"Maine","Resident Population, NSA","Thous. of Persons","2009","1329.59"
"Maine","Resident Population, NSA","Thous. of Persons","2010","1327.568"
"Maine","Resident Population, NSA","Thous. of Persons","2011","1327.968"
"Maine","Resident Population, NSA","Thous. of Persons","2012","1328.101"
"Maine","Resident Population, NSA","Thous. of Persons","2013","1327.975"
"Maine","Resident Population, NSA","Thous. of Persons","2014","1328.903"
"Maine","Resident Population, NSA","Thous. of Persons","2015","1327.787"
"Maine","Resident Population, NSA","Thous. of Persons","2016","1330.232"
"Maryland","Resident Population, NSA","Thous. of Persons","1992","4902.545"
"Maryland","Resident Population, NSA","Thous. of Persons","1993","4942.504"
"Maryland","Resident Population, NSA","Thous. of Persons","1994","4985.411"
"Maryland","Resident Population, NSA","Thous. of Persons","1995","5023.65"
"Maryland","Resident Population, NSA","Thous. of Persons","1996","5057.142"
"Maryland","Resident Population, NSA","Thous. of Persons","1997","5092.914"
"Maryland","Resident Population, NSA","Thous. of Persons","1998","5130.072"
"Maryland","Resident Population, NSA","Thous. of Persons","1999","5171.634"
"Maryland","Resident Population, NSA","Thous. of Persons","2000","5311.034"
"Maryland","Resident Population, NSA","Thous. of Persons","2001","5374.691"
"Maryland","Resident Population, NSA","Thous. of Persons","2002","5440.389"
"Maryland","Resident Population, NSA","Thous. of Persons","2003","5496.269"
"Maryland","Resident Population, NSA","Thous. of Persons","2004","5546.935"
"Maryland","Resident Population, NSA","Thous. of Persons","2005","5592.379"
"Maryland","Resident Population, NSA","Thous. of Persons","2006","5627.367"
"Maryland","Resident Population, NSA","Thous. of Persons","2007","5653.408"
"Maryland","Resident Population, NSA","Thous. of Persons","2008","5684.965"
"Maryland","Resident Population, NSA","Thous. of Persons","2009","5730.388"
"Maryland","Resident Population, NSA","Thous. of Persons","2010","5788.099"
"Maryland","Resident Population, NSA","Thous. of Persons","2011","5843.115"
"Maryland","Resident Population, NSA","Thous. of Persons","2012","5891.68"
"Maryland","Resident Population, NSA","Thous. of Persons","2013","5932.654"
"Maryland","Resident Population, NSA","Thous. of Persons","2014","5970.245"
"Maryland","Resident Population, NSA","Thous. of Persons","2015","6000.561"
"Maryland","Resident Population, NSA","Thous. of Persons","2016","6024.752"
"Massachusetts","Resident Population, NSA","Thous. of Persons","1992","5993.474"
"Massachusetts","Resident Population, NSA","Thous. of Persons","1993","6010.884"
"Massachusetts","Resident Population, NSA","Thous. of Persons","1994","6031.352"
"Massachusetts","Resident Population, NSA","Thous. of Persons","1995","6062.335"
"Massachusetts","Resident Population, NSA","Thous. of Persons","1996","6085.393"
"Massachusetts","Resident Population, NSA","Thous. of Persons","1997","6115.476"
"Massachusetts","Resident Population, NSA","Thous. of Persons","1998","6144.407"
"Massachusetts","Resident Population, NSA","Thous. of Persons","1999","6175.169"
"Massachusetts","Resident Population, NSA","Thous. of Persons","2000","6361.104"
"Massachusetts","Resident Population, NSA","Thous. of Persons","2001","6397.634"
"Massachusetts","Resident Population, NSA","Thous. of Persons","2002","6417.206"
"Massachusetts","Resident Population, NSA","Thous. of Persons","2003","6422.565"
"Massachusetts","Resident Population, NSA","Thous. of Persons","2004","6412.281"
"Massachusetts","Resident Population, NSA","Thous. of Persons","2005","6403.29"
"Massachusetts","Resident Population, NSA","Thous. of Persons","2006","6410.084"
"Massachusetts","Resident Population, NSA","Thous. of Persons","2007","6431.559"
"Massachusetts","Resident Population, NSA","Thous. of Persons","2008","6468.967"
"Massachusetts","Resident Population, NSA","Thous. of Persons","2009","6517.613"
"Massachusetts","Resident Population, NSA","Thous. of Persons","2010","6564.943"
"Massachusetts","Resident Population, NSA","Thous. of Persons","2011","6612.178"
"Massachusetts","Resident Population, NSA","Thous. of Persons","2012","6659.627"
"Massachusetts","Resident Population, NSA","Thous. of Persons","2013","6711.138"
"Massachusetts","Resident Population, NSA","Thous. of Persons","2014","6757.925"
"Massachusetts","Resident Population, NSA","Thous. of Persons","2015","6794.002"
"Massachusetts","Resident Population, NSA","Thous. of Persons","2016","6823.721"
"Michigan","Resident Population, NSA","Thous. of Persons","1992","9470.323"
"Michigan","Resident Population, NSA","Thous. of Persons","1993","9529.24"
"Michigan","Resident Population, NSA","Thous. of Persons","1994","9584.481"
"Michigan","Resident Population, NSA","Thous. of Persons","1995","9659.871"
"Michigan","Resident Population, NSA","Thous. of Persons","1996","9739.184"
"Michigan","Resident Population, NSA","Thous. of Persons","1997","9785.45"
"Michigan","Resident Population, NSA","Thous. of Persons","1998","9820.231"
"Michigan","Resident Population, NSA","Thous. of Persons","1999","9863.775"
"Michigan","Resident Population, NSA","Thous. of Persons","2000","9952.45"
"Michigan","Resident Population, NSA","Thous. of Persons","2001","9991.12"
"Michigan","Resident Population, NSA","Thous. of Persons","2002","10015.71"
"Michigan","Resident Population, NSA","Thous. of Persons","2003","10041.152"
"Michigan","Resident Population, NSA","Thous. of Persons","2004","10055.315"
"Michigan","Resident Population, NSA","Thous. of Persons","2005","10051.137"
"Michigan","Resident Population, NSA","Thous. of Persons","2006","10036.081"
"Michigan","Resident Population, NSA","Thous. of Persons","2007","10001.284"
"Michigan","Resident Population, NSA","Thous. of Persons","2008","9946.889"
"Michigan","Resident Population, NSA","Thous. of Persons","2009","9901.591"
"Michigan","Resident Population, NSA","Thous. of Persons","2010","9876.731"
"Michigan","Resident Population, NSA","Thous. of Persons","2011","9876.199"
"Michigan","Resident Population, NSA","Thous. of Persons","2012","9886.61"
"Michigan","Resident Population, NSA","Thous. of Persons","2013","9899.219"
"Michigan","Resident Population, NSA","Thous. of Persons","2014","9914.675"
"Michigan","Resident Population, NSA","Thous. of Persons","2015","9918.17"
"Michigan","Resident Population, NSA","Thous. of Persons","2016","9933.445"
"Minnesota","Resident Population, NSA","Thous. of Persons","1992","4471.503"
"Minnesota","Resident Population, NSA","Thous. of Persons","1993","4521.709"
"Minnesota","Resident Population, NSA","Thous. of Persons","1994","4566.028"
"Minnesota","Resident Population, NSA","Thous. of Persons","1995","4605.445"
"Minnesota","Resident Population, NSA","Thous. of Persons","1996","4647.723"
"Minnesota","Resident Population, NSA","Thous. of Persons","1997","4687.726"
"Minnesota","Resident Population, NSA","Thous. of Persons","1998","4726.411"
"Minnesota","Resident Population, NSA","Thous. of Persons","1999","4775.508"
"Minnesota","Resident Population, NSA","Thous. of Persons","2000","4933.692"
"Minnesota","Resident Population, NSA","Thous. of Persons","2001","4982.796"
"Minnesota","Resident Population, NSA","Thous. of Persons","2002","5018.935"
"Minnesota","Resident Population, NSA","Thous. of Persons","2003","5053.572"
"Minnesota","Resident Population, NSA","Thous. of Persons","2004","5087.713"
"Minnesota","Resident Population, NSA","Thous. of Persons","2005","5119.598"
"Minnesota","Resident Population, NSA","Thous. of Persons","2006","5163.555"
"Minnesota","Resident Population, NSA","Thous. of Persons","2007","5207.203"
"Minnesota","Resident Population, NSA","Thous. of Persons","2008","5247.018"
"Minnesota","Resident Population, NSA","Thous. of Persons","2009","5281.203"
"Minnesota","Resident Population, NSA","Thous. of Persons","2010","5310.711"
"Minnesota","Resident Population, NSA","Thous. of Persons","2011","5345.967"
"Minnesota","Resident Population, NSA","Thous. of Persons","2012","5377.695"
"Minnesota","Resident Population, NSA","Thous. of Persons","2013","5416.074"
"Minnesota","Resident Population, NSA","Thous. of Persons","2014","5452.649"
"Minnesota","Resident Population, NSA","Thous. of Persons","2015","5483.238"
"Minnesota","Resident Population, NSA","Thous. of Persons","2016","5525.05"
"Mississippi","Resident Population, NSA","Thous. of Persons","1992","2610.193"
"Mississippi","Resident Population, NSA","Thous. of Persons","1993","2635.574"
"Mississippi","Resident Population, NSA","Thous. of Persons","1994","2663.45"
"Mississippi","Resident Population, NSA","Thous. of Persons","1995","2690.788"
"Mississippi","Resident Population, NSA","Thous. of Persons","1996","2709.925"
"Mississippi","Resident Population, NSA","Thous. of Persons","1997","2731.826"
"Mississippi","Resident Population, NSA","Thous. of Persons","1998","2751.335"
"Mississippi","Resident Population, NSA","Thous. of Persons","1999","2768.619"
"Mississippi","Resident Population, NSA","Thous. of Persons","2000","2848.353"
"Mississippi","Resident Population, NSA","Thous. of Persons","2001","2852.994"
"Mississippi","Resident Population, NSA","Thous. of Persons","2002","2858.681"
"Mississippi","Resident Population, NSA","Thous. of Persons","2003","2868.312"
"Mississippi","Resident Population, NSA","Thous. of Persons","2004","2889.01"
"Mississippi","Resident Population, NSA","Thous. of Persons","2005","2905.943"
"Mississippi","Resident Population, NSA","Thous. of Persons","2006","2904.978"
"Mississippi","Resident Population, NSA","Thous. of Persons","2007","2928.35"
"Mississippi","Resident Population, NSA","Thous. of Persons","2008","2947.806"
"Mississippi","Resident Population, NSA","Thous. of Persons","2009","2958.774"
"Mississippi","Resident Population, NSA","Thous. of Persons","2010","2970.437"
"Mississippi","Resident Population, NSA","Thous. of Persons","2011","2977.452"
"Mississippi","Resident Population, NSA","Thous. of Persons","2012","2982.963"
"Mississippi","Resident Population, NSA","Thous. of Persons","2013","2987.721"
"Mississippi","Resident Population, NSA","Thous. of Persons","2014","2988.578"
"Mississippi","Resident Population, NSA","Thous. of Persons","2015","2985.297"
"Mississippi","Resident Population, NSA","Thous. of Persons","2016","2985.415"
"Missouri","Resident Population, NSA","Thous. of Persons","1992","5193.686"
"Missouri","Resident Population, NSA","Thous. of Persons","1993","5237.757"
"Missouri","Resident Population, NSA","Thous. of Persons","1994","5281.206"
"Missouri","Resident Population, NSA","Thous. of Persons","1995","5324.61"
"Missouri","Resident Population, NSA","Thous. of Persons","1996","5367.888"
"Missouri","Resident Population, NSA","Thous. of Persons","1997","5407.113"
"Missouri","Resident Population, NSA","Thous. of Persons","1998","5437.562"
"Missouri","Resident Population, NSA","Thous. of Persons","1999","5468.338"
"Missouri","Resident Population, NSA","Thous. of Persons","2000","5607.285"
"Missouri","Resident Population, NSA","Thous. of Persons","2001","5641.142"
"Missouri","Resident Population, NSA","Thous. of Persons","2002","5674.825"
"Missouri","Resident Population, NSA","Thous. of Persons","2003","5709.403"
"Missouri","Resident Population, NSA","Thous. of Persons","2004","5747.741"
"Missouri","Resident Population, NSA","Thous. of Persons","2005","5790.3"
"Missouri","Resident Population, NSA","Thous. of Persons","2006","5842.704"
"Missouri","Resident Population, NSA","Thous. of Persons","2007","5887.612"
"Missouri","Resident Population, NSA","Thous. of Persons","2008","5923.916"
"Missouri","Resident Population, NSA","Thous. of Persons","2009","5961.088"
"Missouri","Resident Population, NSA","Thous. of Persons","2010","5995.681"
"Missouri","Resident Population, NSA","Thous. of Persons","2011","6010.28"
"Missouri","Resident Population, NSA","Thous. of Persons","2012","6023.267"
"Missouri","Resident Population, NSA","Thous. of Persons","2013","6041.142"
"Missouri","Resident Population, NSA","Thous. of Persons","2014","6058.014"
"Missouri","Resident Population, NSA","Thous. of Persons","2015","6072.64"
"Missouri","Resident Population, NSA","Thous. of Persons","2016","6091.176"
"Montana","Resident Population, NSA","Thous. of Persons","1992","822.436"
"Montana","Resident Population, NSA","Thous. of Persons","1993","839.876"
"Montana","Resident Population, NSA","Thous. of Persons","1994","854.923"
"Montana","Resident Population, NSA","Thous. of Persons","1995","868.522"
"Montana","Resident Population, NSA","Thous. of Persons","1996","876.656"
"Montana","Resident Population, NSA","Thous. of Persons","1997","878.706"
"Montana","Resident Population, NSA","Thous. of Persons","1998","879.533"
"Montana","Resident Population, NSA","Thous. of Persons","1999","882.779"
"Montana","Resident Population, NSA","Thous. of Persons","2000","903.773"
"Montana","Resident Population, NSA","Thous. of Persons","2001","906.961"
"Montana","Resident Population, NSA","Thous. of Persons","2002","911.667"
"Montana","Resident Population, NSA","Thous. of Persons","2003","919.63"
"Montana","Resident Population, NSA","Thous. of Persons","2004","930.009"
"Montana","Resident Population, NSA","Thous. of Persons","2005","940.102"
"Montana","Resident Population, NSA","Thous. of Persons","2006","952.692"
"Montana","Resident Population, NSA","Thous. of Persons","2007","964.706"
"Montana","Resident Population, NSA","Thous. of Persons","2008","976.415"
"Montana","Resident Population, NSA","Thous. of Persons","2009","983.982"
"Montana","Resident Population, NSA","Thous. of Persons","2010","990.507"
"Montana","Resident Population, NSA","Thous. of Persons","2011","996.866"
"Montana","Resident Population, NSA","Thous. of Persons","2012","1003.522"
"Montana","Resident Population, NSA","Thous. of Persons","2013","1011.921"
"Montana","Resident Population, NSA","Thous. of Persons","2014","1019.931"
"Montana","Resident Population, NSA","Thous. of Persons","2015","1028.317"
"Montana","Resident Population, NSA","Thous. of Persons","2016","1038.656"
"Nebraska","Resident Population, NSA","Thous. of Persons","1992","1602.406"
"Nebraska","Resident Population, NSA","Thous. of Persons","1993","1612.149"
"Nebraska","Resident Population, NSA","Thous. of Persons","1994","1621.551"
"Nebraska","Resident Population, NSA","Thous. of Persons","1995","1635.142"
"Nebraska","Resident Population, NSA","Thous. of Persons","1996","1647.657"
"Nebraska","Resident Population, NSA","Thous. of Persons","1997","1656.042"
"Nebraska","Resident Population, NSA","Thous. of Persons","1998","1660.772"
"Nebraska","Resident Population, NSA","Thous. of Persons","1999","1666.028"
"Nebraska","Resident Population, NSA","Thous. of Persons","2000","1713.82"
"Nebraska","Resident Population, NSA","Thous. of Persons","2001","1719.836"
"Nebraska","Resident Population, NSA","Thous. of Persons","2002","1728.292"
"Nebraska","Resident Population, NSA","Thous. of Persons","2003","1738.643"
"Nebraska","Resident Population, NSA","Thous. of Persons","2004","1749.37"
"Nebraska","Resident Population, NSA","Thous. of Persons","2005","1761.497"
"Nebraska","Resident Population, NSA","Thous. of Persons","2006","1772.693"
"Nebraska","Resident Population, NSA","Thous. of Persons","2007","1783.44"
"Nebraska","Resident Population, NSA","Thous. of Persons","2008","1796.378"
"Nebraska","Resident Population, NSA","Thous. of Persons","2009","1812.683"
"Nebraska","Resident Population, NSA","Thous. of Persons","2010","1829.956"
"Nebraska","Resident Population, NSA","Thous. of Persons","2011","1841.641"
"Nebraska","Resident Population, NSA","Thous. of Persons","2012","1854.862"
"Nebraska","Resident Population, NSA","Thous. of Persons","2013","1867.414"
"Nebraska","Resident Population, NSA","Thous. of Persons","2014","1880.92"
"Nebraska","Resident Population, NSA","Thous. of Persons","2015","1893.564"
"Nebraska","Resident Population, NSA","Thous. of Persons","2016","1907.603"
"Nevada","Resident Population, NSA","Thous. of Persons","1992","1330.694"
"Nevada","Resident Population, NSA","Thous. of Persons","1993","1380.197"
"Nevada","Resident Population, NSA","Thous. of Persons","1994","1456.388"
"Nevada","Resident Population, NSA","Thous. of Persons","1995","1525.777"
"Nevada","Resident Population, NSA","Thous. of Persons","1996","1596.476"
"Nevada","Resident Population, NSA","Thous. of Persons","1997","1675.581"
"Nevada","Resident Population, NSA","Thous. of Persons","1998","1743.772"
"Nevada","Resident Population, NSA","Thous. of Persons","1999","1809.253"
"Nevada","Resident Population, NSA","Thous. of Persons","2000","2018.741"
"Nevada","Resident Population, NSA","Thous. of Persons","2001","2098.399"
"Nevada","Resident Population, NSA","Thous. of Persons","2002","2173.791"
"Nevada","Resident Population, NSA","Thous. of Persons","2003","2248.85"
"Nevada","Resident Population, NSA","Thous. of Persons","2004","2346.222"
"Nevada","Resident Population, NSA","Thous. of Persons","2005","2432.143"
"Nevada","Resident Population, NSA","Thous. of Persons","2006","2522.658"
"Nevada","Resident Population, NSA","Thous. of Persons","2007","2601.072"
"Nevada","Resident Population, NSA","Thous. of Persons","2008","2653.63"
"Nevada","Resident Population, NSA","Thous. of Persons","2009","2684.665"
"Nevada","Resident Population, NSA","Thous. of Persons","2010","2702.797"
"Nevada","Resident Population, NSA","Thous. of Persons","2011","2718.17"
"Nevada","Resident Population, NSA","Thous. of Persons","2012","2752.41"
"Nevada","Resident Population, NSA","Thous. of Persons","2013","2786.547"
"Nevada","Resident Population, NSA","Thous. of Persons","2014","2831.73"
"Nevada","Resident Population, NSA","Thous. of Persons","2015","2883.057"
"Nevada","Resident Population, NSA","Thous. of Persons","2016","2939.254"
"New Hampshire","Resident Population, NSA","Thous. of Persons","1992","1112.766"
"New Hampshire","Resident Population, NSA","Thous. of Persons","1993","1122.191"
"New Hampshire","Resident Population, NSA","Thous. of Persons","1994","1133.054"
"New Hampshire","Resident Population, NSA","Thous. of Persons","1995","1145.604"
"New Hampshire","Resident Population, NSA","Thous. of Persons","1996","1160.768"
"New Hampshire","Resident Population, NSA","Thous. of Persons","1997","1173.239"
"New Hampshire","Resident Population, NSA","Thous. of Persons","1998","1185.823"
"New Hampshire","Resident Population, NSA","Thous. of Persons","1999","1201.134"
"New Hampshire","Resident Population, NSA","Thous. of Persons","2000","1239.882"
"New Hampshire","Resident Population, NSA","Thous. of Persons","2001","1255.517"
"New Hampshire","Resident Population, NSA","Thous. of Persons","2002","1269.089"
"New Hampshire","Resident Population, NSA","Thous. of Persons","2003","1279.84"
"New Hampshire","Resident Population, NSA","Thous. of Persons","2004","1290.121"
"New Hampshire","Resident Population, NSA","Thous. of Persons","2005","1298.492"
"New Hampshire","Resident Population, NSA","Thous. of Persons","2006","1308.389"
"New Hampshire","Resident Population, NSA","Thous. of Persons","2007","1312.54"
"New Hampshire","Resident Population, NSA","Thous. of Persons","2008","1315.906"
"New Hampshire","Resident Population, NSA","Thous. of Persons","2009","1316.102"
"New Hampshire","Resident Population, NSA","Thous. of Persons","2010","1316.7"
"New Hampshire","Resident Population, NSA","Thous. of Persons","2011","1318.345"
"New Hampshire","Resident Population, NSA","Thous. of Persons","2012","1320.923"
"New Hampshire","Resident Population, NSA","Thous. of Persons","2013","1322.622"
"New Hampshire","Resident Population, NSA","Thous. of Persons","2014","1328.684"
"New Hampshire","Resident Population, NSA","Thous. of Persons","2015","1330.134"
"New Hampshire","Resident Population, NSA","Thous. of Persons","2016","1335.015"
"New Jersey","Resident Population, NSA","Thous. of Persons","1992","7827.77"
"New Jersey","Resident Population, NSA","Thous. of Persons","1993","7874.891"
"New Jersey","Resident Population, NSA","Thous. of Persons","1994","7918.796"
"New Jersey","Resident Population, NSA","Thous. of Persons","1995","7965.523"
"New Jersey","Resident Population, NSA","Thous. of Persons","1996","8009.624"
"New Jersey","Resident Population, NSA","Thous. of Persons","1997","8054.178"
"New Jersey","Resident Population, NSA","Thous. of Persons","1998","8095.542"
"New Jersey","Resident Population, NSA","Thous. of Persons","1999","8143.412"
"New Jersey","Resident Population, NSA","Thous. of Persons","2000","8430.621"
"New Jersey","Resident Population, NSA","Thous. of Persons","2001","8492.671"
"New Jersey","Resident Population, NSA","Thous. of Persons","2002","8552.643"
"New Jersey","Resident Population, NSA","Thous. of Persons","2003","8601.402"
"New Jersey","Resident Population, NSA","Thous. of Persons","2004","8634.561"
"New Jersey","Resident Population, NSA","Thous. of Persons","2005","8651.974"
"New Jersey","Resident Population, NSA","Thous. of Persons","2006","8661.679"
"New Jersey","Resident Population, NSA","Thous. of Persons","2007","8677.885"
"New Jersey","Resident Population, NSA","Thous. of Persons","2008","8711.09"
"New Jersey","Resident Population, NSA","Thous. of Persons","2009","8755.602"
"New Jersey","Resident Population, NSA","Thous. of Persons","2010","8803.708"
"New Jersey","Resident Population, NSA","Thous. of Persons","2011","8844.694"
"New Jersey","Resident Population, NSA","Thous. of Persons","2012","8882.095"
"New Jersey","Resident Population, NSA","Thous. of Persons","2013","8913.735"
"New Jersey","Resident Population, NSA","Thous. of Persons","2014","8943.01"
"New Jersey","Resident Population, NSA","Thous. of Persons","2015","8960.001"
"New Jersey","Resident Population, NSA","Thous. of Persons","2016","8978.416"
"New Mexico","Resident Population, NSA","Thous. of Persons","1992","1580.75"
"New Mexico","Resident Population, NSA","Thous. of Persons","1993","1614.937"
"New Mexico","Resident Population, NSA","Thous. of Persons","1994","1653.329"
"New Mexico","Resident Population, NSA","Thous. of Persons","1995","1682.417"
"New Mexico","Resident Population, NSA","Thous. of Persons","1996","1706.151"
"New Mexico","Resident Population, NSA","Thous. of Persons","1997","1722.939"
"New Mexico","Resident Population, NSA","Thous. of Persons","1998","1733.535"
"New Mexico","Resident Population, NSA","Thous. of Persons","1999","1739.844"
"New Mexico","Resident Population, NSA","Thous. of Persons","2000","1821.204"
"New Mexico","Resident Population, NSA","Thous. of Persons","2001","1831.69"
"New Mexico","Resident Population, NSA","Thous. of Persons","2002","1855.309"
"New Mexico","Resident Population, NSA","Thous. of Persons","2003","1877.574"
"New Mexico","Resident Population, NSA","Thous. of Persons","2004","1903.808"
"New Mexico","Resident Population, NSA","Thous. of Persons","2005","1932.274"
"New Mexico","Resident Population, NSA","Thous. of Persons","2006","1962.137"
"New Mexico","Resident Population, NSA","Thous. of Persons","2007","1990.07"
"New Mexico","Resident Population, NSA","Thous. of Persons","2008","2010.662"
"New Mexico","Resident Population, NSA","Thous. of Persons","2009","2036.802"
"New Mexico","Resident Population, NSA","Thous. of Persons","2010","2064.607"
"New Mexico","Resident Population, NSA","Thous. of Persons","2011","2077.744"
"New Mexico","Resident Population, NSA","Thous. of Persons","2012","2083.59"
"New Mexico","Resident Population, NSA","Thous. of Persons","2013","2085.161"
"New Mexico","Resident Population, NSA","Thous. of Persons","2014","2083.207"
"New Mexico","Resident Population, NSA","Thous. of Persons","2015","2082.264"
"New Mexico","Resident Population, NSA","Thous. of Persons","2016","2085.432"
"New York (States)","Resident Population, NSA","Thous. of Persons","1992","18082.032"
"New York (States)","Resident Population, NSA","Thous. of Persons","1993","18140.894"
"New York (States)","Resident Population, NSA","Thous. of Persons","1994","18156.652"
"New York (States)","Resident Population, NSA","Thous. of Persons","1995","18150.928"
"New York (States)","Resident Population, NSA","Thous. of Persons","1996","18143.805"
"New York (States)","Resident Population, NSA","Thous. of Persons","1997","18143.184"
"New York (States)","Resident Population, NSA","Thous. of Persons","1998","18159.175"
"New York (States)","Resident Population, NSA","Thous. of Persons","1999","18196.601"
"New York (States)","Resident Population, NSA","Thous. of Persons","2000","19001.78"
"New York (States)","Resident Population, NSA","Thous. of Persons","2001","19082.838"
"New York (States)","Resident Population, NSA","Thous. of Persons","2002","19137.8"
"New York (States)","Resident Population, NSA","Thous. of Persons","2003","19175.939"
"New York (States)","Resident Population, NSA","Thous. of Persons","2004","19171.567"
"New York (States)","Resident Population, NSA","Thous. of Persons","2005","19132.61"
"New York (States)","Resident Population, NSA","Thous. of Persons","2006","19104.631"
"New York (States)","Resident Population, NSA","Thous. of Persons","2007","19132.335"
"New York (States)","Resident Population, NSA","Thous. of Persons","2008","19212.436"
"New York (States)","Resident Population, NSA","Thous. of Persons","2009","19307.066"
"New York (States)","Resident Population, NSA","Thous. of Persons","2010","19405.185"
"New York (States)","Resident Population, NSA","Thous. of Persons","2011","19526.372"
"New York (States)","Resident Population, NSA","Thous. of Persons","2012","19625.409"
"New York (States)","Resident Population, NSA","Thous. of Persons","2013","19712.514"
"New York (States)","Resident Population, NSA","Thous. of Persons","2014","19773.58"
"New York (States)","Resident Population, NSA","Thous. of Persons","2015","19819.347"
"New York (States)","Resident Population, NSA","Thous. of Persons","2016","19836.286"
"North Carolina","Resident Population, NSA","Thous. of Persons","1992","6831.85"
"North Carolina","Resident Population, NSA","Thous. of Persons","1993","6947.412"
"North Carolina","Resident Population, NSA","Thous. of Persons","1994","7060.959"
"North Carolina","Resident Population, NSA","Thous. of Persons","1995","7185.403"
"North Carolina","Resident Population, NSA","Thous. of Persons","1996","7307.658"
"North Carolina","Resident Population, NSA","Thous. of Persons","1997","7428.672"
"North Carolina","Resident Population, NSA","Thous. of Persons","1998","7545.828"
"North Carolina","Resident Population, NSA","Thous. of Persons","1999","7650.789"
"North Carolina","Resident Population, NSA","Thous. of Persons","2000","8081.614"
"North Carolina","Resident Population, NSA","Thous. of Persons","2001","8210.122"
"North Carolina","Resident Population, NSA","Thous. of Persons","2002","8326.201"
"North Carolina","Resident Population, NSA","Thous. of Persons","2003","8422.501"
"North Carolina","Resident Population, NSA","Thous. of Persons","2004","8553.152"
"North Carolina","Resident Population, NSA","Thous. of Persons","2005","8705.407"
"North Carolina","Resident Population, NSA","Thous. of Persons","2006","8917.27"
"North Carolina","Resident Population, NSA","Thous. of Persons","2007","9118.037"
"North Carolina","Resident Population, NSA","Thous. of Persons","2008","9309.449"
"North Carolina","Resident Population, NSA","Thous. of Persons","2009","9449.566"
"North Carolina","Resident Population, NSA","Thous. of Persons","2010","9574.247"
"North Carolina","Resident Population, NSA","Thous. of Persons","2011","9662.94"
"North Carolina","Resident Population, NSA","Thous. of Persons","2012","9755.299"
"North Carolina","Resident Population, NSA","Thous. of Persons","2013","9849.812"
"North Carolina","Resident Population, NSA","Thous. of Persons","2014","9941.16"
"North Carolina","Resident Population, NSA","Thous. of Persons","2015","10041.769"
"North Carolina","Resident Population, NSA","Thous. of Persons","2016","10156.689"
"North Dakota","Resident Population, NSA","Thous. of Persons","1992","635.427"
"North Dakota","Resident Population, NSA","Thous. of Persons","1993","637.229"
"North Dakota","Resident Population, NSA","Thous. of Persons","1994","639.762"
"North Dakota","Resident Population, NSA","Thous. of Persons","1995","641.548"
"North Dakota","Resident Population, NSA","Thous. of Persons","1996","642.858"
"North Dakota","Resident Population, NSA","Thous. of Persons","1997","640.945"
"North Dakota","Resident Population, NSA","Thous. of Persons","1998","637.808"
"North Dakota","Resident Population, NSA","Thous. of Persons","1999","633.666"
"North Dakota","Resident Population, NSA","Thous. of Persons","2000","642.023"
"North Dakota","Resident Population, NSA","Thous. of Persons","2001","639.062"
"North Dakota","Resident Population, NSA","Thous. of Persons","2002","638.168"
"North Dakota","Resident Population, NSA","Thous. of Persons","2003","638.817"
"North Dakota","Resident Population, NSA","Thous. of Persons","2004","644.705"
"North Dakota","Resident Population, NSA","Thous. of Persons","2005","646.089"
"North Dakota","Resident Population, NSA","Thous. of Persons","2006","649.422"
"North Dakota","Resident Population, NSA","Thous. of Persons","2007","652.822"
"North Dakota","Resident Population, NSA","Thous. of Persons","2008","657.569"
"North Dakota","Resident Population, NSA","Thous. of Persons","2009","664.968"
"North Dakota","Resident Population, NSA","Thous. of Persons","2010","674.518"
"North Dakota","Resident Population, NSA","Thous. of Persons","2011","684.83"
"North Dakota","Resident Population, NSA","Thous. of Persons","2012","701.38"
"North Dakota","Resident Population, NSA","Thous. of Persons","2013","722.908"
"North Dakota","Resident Population, NSA","Thous. of Persons","2014","738.658"
"North Dakota","Resident Population, NSA","Thous. of Persons","2015","754.859"
"North Dakota","Resident Population, NSA","Thous. of Persons","2016","755.548"
"Ohio","Resident Population, NSA","Thous. of Persons","1992","11007.609"
"Ohio","Resident Population, NSA","Thous. of Persons","1993","11070.385"
"Ohio","Resident Population, NSA","Thous. of Persons","1994","11111.451"
"Ohio","Resident Population, NSA","Thous. of Persons","1995","11155.493"
"Ohio","Resident Population, NSA","Thous. of Persons","1996","11187.032"
"Ohio","Resident Population, NSA","Thous. of Persons","1997","11212.498"
"Ohio","Resident Population, NSA","Thous. of Persons","1998","11237.752"
"Ohio","Resident Population, NSA","Thous. of Persons","1999","11256.654"
"Ohio","Resident Population, NSA","Thous. of Persons","2000","11363.543"
"Ohio","Resident Population, NSA","Thous. of Persons","2001","11387.404"
"Ohio","Resident Population, NSA","Thous. of Persons","2002","11407.889"
"Ohio","Resident Population, NSA","Thous. of Persons","2003","11434.788"
"Ohio","Resident Population, NSA","Thous. of Persons","2004","11452.251"
"Ohio","Resident Population, NSA","Thous. of Persons","2005","11463.32"
"Ohio","Resident Population, NSA","Thous. of Persons","2006","11481.213"
"Ohio","Resident Population, NSA","Thous. of Persons","2007","11500.468"
"Ohio","Resident Population, NSA","Thous. of Persons","2008","11515.391"
"Ohio","Resident Population, NSA","Thous. of Persons","2009","11528.896"
"Ohio","Resident Population, NSA","Thous. of Persons","2010","11539.282"
"Ohio","Resident Population, NSA","Thous. of Persons","2011","11543.332"
"Ohio","Resident Population, NSA","Thous. of Persons","2012","11546.969"
"Ohio","Resident Population, NSA","Thous. of Persons","2013","11567.845"
"Ohio","Resident Population, NSA","Thous. of Persons","2014","11593.741"
"Ohio","Resident Population, NSA","Thous. of Persons","2015","11606.027"
"Ohio","Resident Population, NSA","Thous. of Persons","2016","11622.554"
"Oklahoma","Resident Population, NSA","Thous. of Persons","1992","3204.174"
"Oklahoma","Resident Population, NSA","Thous. of Persons","1993","3228.829"
"Oklahoma","Resident Population, NSA","Thous. of Persons","1994","3246.119"
"Oklahoma","Resident Population, NSA","Thous. of Persons","1995","3265.547"
"Oklahoma","Resident Population, NSA","Thous. of Persons","1996","3289.634"
"Oklahoma","Resident Population, NSA","Thous. of Persons","1997","3314.259"
"Oklahoma","Resident Population, NSA","Thous. of Persons","1998","3339.478"
"Oklahoma","Resident Population, NSA","Thous. of Persons","1999","3358.044"
"Oklahoma","Resident Population, NSA","Thous. of Persons","2000","3454.365"
"Oklahoma","Resident Population, NSA","Thous. of Persons","2001","3467.1"
"Oklahoma","Resident Population, NSA","Thous. of Persons","2002","3489.08"
"Oklahoma","Resident Population, NSA","Thous. of Persons","2003","3504.892"
"Oklahoma","Resident Population, NSA","Thous. of Persons","2004","3525.233"
"Oklahoma","Resident Population, NSA","Thous. of Persons","2005","3548.597"
"Oklahoma","Resident Population, NSA","Thous. of Persons","2006","3594.09"
"Oklahoma","Resident Population, NSA","Thous. of Persons","2007","3634.349"
"Oklahoma","Resident Population, NSA","Thous. of Persons","2008","3668.976"
"Oklahoma","Resident Population, NSA","Thous. of Persons","2009","3717.572"
"Oklahoma","Resident Population, NSA","Thous. of Persons","2010","3759.529"
"Oklahoma","Resident Population, NSA","Thous. of Persons","2011","3785.232"
"Oklahoma","Resident Population, NSA","Thous. of Persons","2012","3815.298"
"Oklahoma","Resident Population, NSA","Thous. of Persons","2013","3849.84"
"Oklahoma","Resident Population, NSA","Thous. of Persons","2014","3875.008"
"Oklahoma","Resident Population, NSA","Thous. of Persons","2015","3904.353"
"Oklahoma","Resident Population, NSA","Thous. of Persons","2016","3921.207"
"Oregon","Resident Population, NSA","Thous. of Persons","1992","2973.934"
"Oregon","Resident Population, NSA","Thous. of Persons","1993","3034.49"
"Oregon","Resident Population, NSA","Thous. of Persons","1994","3087.142"
"Oregon","Resident Population, NSA","Thous. of Persons","1995","3141.421"
"Oregon","Resident Population, NSA","Thous. of Persons","1996","3195.087"
"Oregon","Resident Population, NSA","Thous. of Persons","1997","3243.254"
"Oregon","Resident Population, NSA","Thous. of Persons","1998","3282.055"
"Oregon","Resident Population, NSA","Thous. of Persons","1999","3316.154"
"Oregon","Resident Population, NSA","Thous. of Persons","2000","3429.708"
"Oregon","Resident Population, NSA","Thous. of Persons","2001","3467.937"
"Oregon","Resident Population, NSA","Thous. of Persons","2002","3513.424"
"Oregon","Resident Population, NSA","Thous. of Persons","2003","3547.376"
"Oregon","Resident Population, NSA","Thous. of Persons","2004","3569.463"
"Oregon","Resident Population, NSA","Thous. of Persons","2005","3613.202"
"Oregon","Resident Population, NSA","Thous. of Persons","2006","3670.883"
"Oregon","Resident Population, NSA","Thous. of Persons","2007","3722.417"
"Oregon","Resident Population, NSA","Thous. of Persons","2008","3768.748"
"Oregon","Resident Population, NSA","Thous. of Persons","2009","3808.6"
"Oregon","Resident Population, NSA","Thous. of Persons","2010","3837.073"
"Oregon","Resident Population, NSA","Thous. of Persons","2011","3865.845"
"Oregon","Resident Population, NSA","Thous. of Persons","2012","3893.92"
"Oregon","Resident Population, NSA","Thous. of Persons","2013","3919.664"
"Oregon","Resident Population, NSA","Thous. of Persons","2014","3960.673"
"Oregon","Resident Population, NSA","Thous. of Persons","2015","4016.537"
"Oregon","Resident Population, NSA","Thous. of Persons","2016","4085.989"
"Pennsylvania","Resident Population, NSA","Thous. of Persons","1992","11980.819"
"Pennsylvania","Resident Population, NSA","Thous. of Persons","1993","12022.128"
"Pennsylvania","Resident Population, NSA","Thous. of Persons","1994","12042.545"
"Pennsylvania","Resident Population, NSA","Thous. of Persons","1995","12044.78"
"Pennsylvania","Resident Population, NSA","Thous. of Persons","1996","12038.008"
"Pennsylvania","Resident Population, NSA","Thous. of Persons","1997","12015.888"
"Pennsylvania","Resident Population, NSA","Thous. of Persons","1998","12002.329"
"Pennsylvania","Resident Population, NSA","Thous. of Persons","1999","11994.016"
"Pennsylvania","Resident Population, NSA","Thous. of Persons","2000","12284.173"
"Pennsylvania","Resident Population, NSA","Thous. of Persons","2001","12298.97"
"Pennsylvania","Resident Population, NSA","Thous. of Persons","2002","12331.031"
"Pennsylvania","Resident Population, NSA","Thous. of Persons","2003","12374.658"
"Pennsylvania","Resident Population, NSA","Thous. of Persons","2004","12410.722"
"Pennsylvania","Resident Population, NSA","Thous. of Persons","2005","12449.99"
"Pennsylvania","Resident Population, NSA","Thous. of Persons","2006","12510.809"
"Pennsylvania","Resident Population, NSA","Thous. of Persons","2007","12563.937"
"Pennsylvania","Resident Population, NSA","Thous. of Persons","2008","12612.285"
"Pennsylvania","Resident Population, NSA","Thous. of Persons","2009","12666.858"
"Pennsylvania","Resident Population, NSA","Thous. of Persons","2010","12711.063"
"Pennsylvania","Resident Population, NSA","Thous. of Persons","2011","12742.811"
"Pennsylvania","Resident Population, NSA","Thous. of Persons","2012","12768.034"
"Pennsylvania","Resident Population, NSA","Thous. of Persons","2013","12778.45"
"Pennsylvania","Resident Population, NSA","Thous. of Persons","2014","12790.341"
"Pennsylvania","Resident Population, NSA","Thous. of Persons","2015","12791.124"
"Pennsylvania","Resident Population, NSA","Thous. of Persons","2016","12787.085"
"Rhode Island","Resident Population, NSA","Thous. of Persons","1992","1000.571"
"Rhode Island","Resident Population, NSA","Thous. of Persons","1993","997.852"
"Rhode Island","Resident Population, NSA","Thous. of Persons","1994","993.412"
"Rhode Island","Resident Population, NSA","Thous. of Persons","1995","989.203"
"Rhode Island","Resident Population, NSA","Thous. of Persons","1996","987.858"
"Rhode Island","Resident Population, NSA","Thous. of Persons","1997","986.966"
"Rhode Island","Resident Population, NSA","Thous. of Persons","1998","987.704"
"Rhode Island","Resident Population, NSA","Thous. of Persons","1999","990.819"
"Rhode Island","Resident Population, NSA","Thous. of Persons","2000","1050.268"
"Rhode Island","Resident Population, NSA","Thous. of Persons","2001","1057.142"
"Rhode Island","Resident Population, NSA","Thous. of Persons","2002","1065.995"
"Rhode Island","Resident Population, NSA","Thous. of Persons","2003","1071.342"
"Rhode Island","Resident Population, NSA","Thous. of Persons","2004","1074.579"
"Rhode Island","Resident Population, NSA","Thous. of Persons","2005","1067.916"
"Rhode Island","Resident Population, NSA","Thous. of Persons","2006","1063.096"
"Rhode Island","Resident Population, NSA","Thous. of Persons","2007","1057.315"
"Rhode Island","Resident Population, NSA","Thous. of Persons","2008","1055.003"
"Rhode Island","Resident Population, NSA","Thous. of Persons","2009","1053.646"
"Rhode Island","Resident Population, NSA","Thous. of Persons","2010","1053.169"
"Rhode Island","Resident Population, NSA","Thous. of Persons","2011","1052.154"
"Rhode Island","Resident Population, NSA","Thous. of Persons","2012","1052.761"
"Rhode Island","Resident Population, NSA","Thous. of Persons","2013","1052.784"
"Rhode Island","Resident Population, NSA","Thous. of Persons","2014","1054.782"
"Rhode Island","Resident Population, NSA","Thous. of Persons","2015","1055.916"
"Rhode Island","Resident Population, NSA","Thous. of Persons","2016","1057.566"
"South Carolina","Resident Population, NSA","Thous. of Persons","1992","3600.576"
"South Carolina","Resident Population, NSA","Thous. of Persons","1993","3634.507"
"South Carolina","Resident Population, NSA","Thous. of Persons","1994","3666.456"
"South Carolina","Resident Population, NSA","Thous. of Persons","1995","3699.943"
"South Carolina","Resident Population, NSA","Thous. of Persons","1996","3738.974"
"South Carolina","Resident Population, NSA","Thous. of Persons","1997","3790.066"
"South Carolina","Resident Population, NSA","Thous. of Persons","1998","3839.578"
"South Carolina","Resident Population, NSA","Thous. of Persons","1999","3885.736"
"South Carolina","Resident Population, NSA","Thous. of Persons","2000","4024.223"
"South Carolina","Resident Population, NSA","Thous. of Persons","2001","4064.995"
"South Carolina","Resident Population, NSA","Thous. of Persons","2002","4107.795"
"South Carolina","Resident Population, NSA","Thous. of Persons","2003","4150.297"
"South Carolina","Resident Population, NSA","Thous. of Persons","2004","4210.921"
"South Carolina","Resident Population, NSA","Thous. of Persons","2005","4270.15"
"South Carolina","Resident Population, NSA","Thous. of Persons","2006","4357.847"
"South Carolina","Resident Population, NSA","Thous. of Persons","2007","4444.11"
"South Carolina","Resident Population, NSA","Thous. of Persons","2008","4528.996"
"South Carolina","Resident Population, NSA","Thous. of Persons","2009","4589.872"
"South Carolina","Resident Population, NSA","Thous. of Persons","2010","4635.834"
"South Carolina","Resident Population, NSA","Thous. of Persons","2011","4672.744"
"South Carolina","Resident Population, NSA","Thous. of Persons","2012","4719.009"
"South Carolina","Resident Population, NSA","Thous. of Persons","2013","4765.862"
"South Carolina","Resident Population, NSA","Thous. of Persons","2014","4824.758"
"South Carolina","Resident Population, NSA","Thous. of Persons","2015","4892.423"
"South Carolina","Resident Population, NSA","Thous. of Persons","2016","4959.822"
"South Dakota","Resident Population, NSA","Thous. of Persons","1992","708.698"
"South Dakota","Resident Population, NSA","Thous. of Persons","1993","716.258"
"South Dakota","Resident Population, NSA","Thous. of Persons","1994","723.038"
"South Dakota","Resident Population, NSA","Thous. of Persons","1995","728.251"
"South Dakota","Resident Population, NSA","Thous. of Persons","1996","730.699"
"South Dakota","Resident Population, NSA","Thous. of Persons","1997","730.855"
"South Dakota","Resident Population, NSA","Thous. of Persons","1998","730.789"
"South Dakota","Resident Population, NSA","Thous. of Persons","1999","733.133"
"South Dakota","Resident Population, NSA","Thous. of Persons","2000","755.844"
"South Dakota","Resident Population, NSA","Thous. of Persons","2001","757.972"
"South Dakota","Resident Population, NSA","Thous. of Persons","2002","760.02"
"South Dakota","Resident Population, NSA","Thous. of Persons","2003","763.729"
"South Dakota","Resident Population, NSA","Thous. of Persons","2004","770.396"
"South Dakota","Resident Population, NSA","Thous. of Persons","2005","775.493"
"South Dakota","Resident Population, NSA","Thous. of Persons","2006","783.033"
"South Dakota","Resident Population, NSA","Thous. of Persons","2007","791.623"
"South Dakota","Resident Population, NSA","Thous. of Persons","2008","799.124"
"South Dakota","Resident Population, NSA","Thous. of Persons","2009","807.067"
"South Dakota","Resident Population, NSA","Thous. of Persons","2010","816.227"
"South Dakota","Resident Population, NSA","Thous. of Persons","2011","823.338"
"South Dakota","Resident Population, NSA","Thous. of Persons","2012","832.576"
"South Dakota","Resident Population, NSA","Thous. of Persons","2013","842.513"
"South Dakota","Resident Population, NSA","Thous. of Persons","2014","849.455"
"South Dakota","Resident Population, NSA","Thous. of Persons","2015","854.036"
"South Dakota","Resident Population, NSA","Thous. of Persons","2016","861.542"
"Tennessee","Resident Population, NSA","Thous. of Persons","1992","5013.999"
"Tennessee","Resident Population, NSA","Thous. of Persons","1993","5085.666"
"Tennessee","Resident Population, NSA","Thous. of Persons","1994","5163.016"
"Tennessee","Resident Population, NSA","Thous. of Persons","1995","5241.168"
"Tennessee","Resident Population, NSA","Thous. of Persons","1996","5313.576"
"Tennessee","Resident Population, NSA","Thous. of Persons","1997","5378.433"
"Tennessee","Resident Population, NSA","Thous. of Persons","1998","5432.679"
"Tennessee","Resident Population, NSA","Thous. of Persons","1999","5483.535"
"Tennessee","Resident Population, NSA","Thous. of Persons","2000","5703.719"
"Tennessee","Resident Population, NSA","Thous. of Persons","2001","5750.789"
"Tennessee","Resident Population, NSA","Thous. of Persons","2002","5795.918"
"Tennessee","Resident Population, NSA","Thous. of Persons","2003","5847.812"
"Tennessee","Resident Population, NSA","Thous. of Persons","2004","5910.809"
"Tennessee","Resident Population, NSA","Thous. of Persons","2005","5991.057"
"Tennessee","Resident Population, NSA","Thous. of Persons","2006","6088.766"
"Tennessee","Resident Population, NSA","Thous. of Persons","2007","6175.727"
"Tennessee","Resident Population, NSA","Thous. of Persons","2008","6247.411"
"Tennessee","Resident Population, NSA","Thous. of Persons","2009","6306.019"
"Tennessee","Resident Population, NSA","Thous. of Persons","2010","6355.882"
"Tennessee","Resident Population, NSA","Thous. of Persons","2011","6396.281"
"Tennessee","Resident Population, NSA","Thous. of Persons","2012","6450.632"
"Tennessee","Resident Population, NSA","Thous. of Persons","2013","6490.795"
"Tennessee","Resident Population, NSA","Thous. of Persons","2014","6540.007"
"Tennessee","Resident Population, NSA","Thous. of Persons","2015","6590.726"
"Tennessee","Resident Population, NSA","Thous. of Persons","2016","6649.404"
"Texas","Resident Population, NSA","Thous. of Persons","1992","17650.479"
"Texas","Resident Population, NSA","Thous. of Persons","1993","17996.764"
"Texas","Resident Population, NSA","Thous. of Persons","1994","18338.319"
"Texas","Resident Population, NSA","Thous. of Persons","1995","18679.706"
"Texas","Resident Population, NSA","Thous. of Persons","1996","19006.24"
"Texas","Resident Population, NSA","Thous. of Persons","1997","19355.427"
"Texas","Resident Population, NSA","Thous. of Persons","1998","19712.389"
"Texas","Resident Population, NSA","Thous. of Persons","1999","20044.141"
"Texas","Resident Population, NSA","Thous. of Persons","2000","20944.499"
"Texas","Resident Population, NSA","Thous. of Persons","2001","21319.622"
"Texas","Resident Population, NSA","Thous. of Persons","2002","21690.325"
"Texas","Resident Population, NSA","Thous. of Persons","2003","22030.931"
"Texas","Resident Population, NSA","Thous. of Persons","2004","22394.023"
"Texas","Resident Population, NSA","Thous. of Persons","2005","22778.123"
"Texas","Resident Population, NSA","Thous. of Persons","2006","23359.58"
"Texas","Resident Population, NSA","Thous. of Persons","2007","23831.983"
"Texas","Resident Population, NSA","Thous. of Persons","2008","24309.039"
"Texas","Resident Population, NSA","Thous. of Persons","2009","24801.761"
"Texas","Resident Population, NSA","Thous. of Persons","2010","25241.648"
"Texas","Resident Population, NSA","Thous. of Persons","2011","25644.424"
"Texas","Resident Population, NSA","Thous. of Persons","2012","26078.327"
"Texas","Resident Population, NSA","Thous. of Persons","2013","26479.279"
"Texas","Resident Population, NSA","Thous. of Persons","2014","26954.436"
"Texas","Resident Population, NSA","Thous. of Persons","2015","27454.88"
"Texas","Resident Population, NSA","Thous. of Persons","2016","27904.862"
"Utah","Resident Population, NSA","Thous. of Persons","1992","1821.498"
"Utah","Resident Population, NSA","Thous. of Persons","1993","1875.993"
"Utah","Resident Population, NSA","Thous. of Persons","1994","1930.436"
"Utah","Resident Population, NSA","Thous. of Persons","1995","1976.774"
"Utah","Resident Population, NSA","Thous. of Persons","1996","2022.253"
"Utah","Resident Population, NSA","Thous. of Persons","1997","2065.397"
"Utah","Resident Population, NSA","Thous. of Persons","1998","2100.562"
"Utah","Resident Population, NSA","Thous. of Persons","1999","2129.836"
"Utah","Resident Population, NSA","Thous. of Persons","2000","2244.502"
"Utah","Resident Population, NSA","Thous. of Persons","2001","2283.715"
"Utah","Resident Population, NSA","Thous. of Persons","2002","2324.815"
"Utah","Resident Population, NSA","Thous. of Persons","2003","2360.137"
"Utah","Resident Population, NSA","Thous. of Persons","2004","2401.58"
"Utah","Resident Population, NSA","Thous. of Persons","2005","2457.719"
"Utah","Resident Population, NSA","Thous. of Persons","2006","2525.507"
"Utah","Resident Population, NSA","Thous. of Persons","2007","2597.746"
"Utah","Resident Population, NSA","Thous. of Persons","2008","2663.029"
"Utah","Resident Population, NSA","Thous. of Persons","2009","2723.421"
"Utah","Resident Population, NSA","Thous. of Persons","2010","2775.26"
"Utah","Resident Population, NSA","Thous. of Persons","2011","2815.43"
"Utah","Resident Population, NSA","Thous. of Persons","2012","2854.222"
"Utah","Resident Population, NSA","Thous. of Persons","2013","2899.961"
"Utah","Resident Population, NSA","Thous. of Persons","2014","2938.671"
"Utah","Resident Population, NSA","Thous. of Persons","2015","2984.917"
"Utah","Resident Population, NSA","Thous. of Persons","2016","3044.321"
"Vermont","Resident Population, NSA","Thous. of Persons","1992","570.115"
"Vermont","Resident Population, NSA","Thous. of Persons","1993","574.004"
"Vermont","Resident Population, NSA","Thous. of Persons","1994","578.9"
"Vermont","Resident Population, NSA","Thous. of Persons","1995","582.827"
"Vermont","Resident Population, NSA","Thous. of Persons","1996","586.352"
"Vermont","Resident Population, NSA","Thous. of Persons","1997","588.665"
"Vermont","Resident Population, NSA","Thous. of Persons","1998","590.579"
"Vermont","Resident Population, NSA","Thous. of Persons","1999","593.74"
"Vermont","Resident Population, NSA","Thous. of Persons","2000","609.618"
"Vermont","Resident Population, NSA","Thous. of Persons","2001","612.223"
"Vermont","Resident Population, NSA","Thous. of Persons","2002","615.442"
"Vermont","Resident Population, NSA","Thous. of Persons","2003","617.858"
"Vermont","Resident Population, NSA","Thous. of Persons","2004","619.92"
"Vermont","Resident Population, NSA","Thous. of Persons","2005","621.215"
"Vermont","Resident Population, NSA","Thous. of Persons","2006","622.892"
"Vermont","Resident Population, NSA","Thous. of Persons","2007","623.481"
"Vermont","Resident Population, NSA","Thous. of Persons","2008","624.151"
"Vermont","Resident Population, NSA","Thous. of Persons","2009","624.817"
"Vermont","Resident Population, NSA","Thous. of Persons","2010","625.842"
"Vermont","Resident Population, NSA","Thous. of Persons","2011","626.21"
"Vermont","Resident Population, NSA","Thous. of Persons","2012","625.606"
"Vermont","Resident Population, NSA","Thous. of Persons","2013","626.044"
"Vermont","Resident Population, NSA","Thous. of Persons","2014","625.665"
"Vermont","Resident Population, NSA","Thous. of Persons","2015","624.455"
"Vermont","Resident Population, NSA","Thous. of Persons","2016","623.354"
"Virginia","Resident Population, NSA","Thous. of Persons","1992","6383.315"
"Virginia","Resident Population, NSA","Thous. of Persons","1993","6464.795"
"Virginia","Resident Population, NSA","Thous. of Persons","1994","6536.771"
"Virginia","Resident Population, NSA","Thous. of Persons","1995","6601.392"
"Virginia","Resident Population, NSA","Thous. of Persons","1996","6665.491"
"Virginia","Resident Population, NSA","Thous. of Persons","1997","6732.878"
"Virginia","Resident Population, NSA","Thous. of Persons","1998","6789.225"
"Virginia","Resident Population, NSA","Thous. of Persons","1999","6872.912"
"Virginia","Resident Population, NSA","Thous. of Persons","2000","7105.817"
"Virginia","Resident Population, NSA","Thous. of Persons","2001","7198.362"
"Virginia","Resident Population, NSA","Thous. of Persons","2002","7286.873"
"Virginia","Resident Population, NSA","Thous. of Persons","2003","7366.977"
"Virginia","Resident Population, NSA","Thous. of Persons","2004","7475.575"
"Virginia","Resident Population, NSA","Thous. of Persons","2005","7577.105"
"Virginia","Resident Population, NSA","Thous. of Persons","2006","7673.725"
"Virginia","Resident Population, NSA","Thous. of Persons","2007","7751"
"Virginia","Resident Population, NSA","Thous. of Persons","2008","7833.496"
"Virginia","Resident Population, NSA","Thous. of Persons","2009","7925.937"
"Virginia","Resident Population, NSA","Thous. of Persons","2010","8025.206"
"Virginia","Resident Population, NSA","Thous. of Persons","2011","8107.548"
"Virginia","Resident Population, NSA","Thous. of Persons","2012","8188.656"
"Virginia","Resident Population, NSA","Thous. of Persons","2013","8261.689"
"Virginia","Resident Population, NSA","Thous. of Persons","2014","8316.902"
"Virginia","Resident Population, NSA","Thous. of Persons","2015","8366.767"
"Virginia","Resident Population, NSA","Thous. of Persons","2016","8414.38"
"Washington","Resident Population, NSA","Thous. of Persons","1992","5139.011"
"Washington","Resident Population, NSA","Thous. of Persons","1993","5247.704"
"Washington","Resident Population, NSA","Thous. of Persons","1994","5334.896"
"Washington","Resident Population, NSA","Thous. of Persons","1995","5431.024"
"Washington","Resident Population, NSA","Thous. of Persons","1996","5509.963"
"Washington","Resident Population, NSA","Thous. of Persons","1997","5604.105"
"Washington","Resident Population, NSA","Thous. of Persons","1998","5687.832"
"Washington","Resident Population, NSA","Thous. of Persons","1999","5756.361"
"Washington","Resident Population, NSA","Thous. of Persons","2000","5910.512"
"Washington","Resident Population, NSA","Thous. of Persons","2001","5985.722"
"Washington","Resident Population, NSA","Thous. of Persons","2002","6052.349"
"Washington","Resident Population, NSA","Thous. of Persons","2003","6104.115"
"Washington","Resident Population, NSA","Thous. of Persons","2004","6178.645"
"Washington","Resident Population, NSA","Thous. of Persons","2005","6257.305"
"Washington","Resident Population, NSA","Thous. of Persons","2006","6370.753"
"Washington","Resident Population, NSA","Thous. of Persons","2007","6461.587"
"Washington","Resident Population, NSA","Thous. of Persons","2008","6562.231"
"Washington","Resident Population, NSA","Thous. of Persons","2009","6667.426"
"Washington","Resident Population, NSA","Thous. of Persons","2010","6741.386"
"Washington","Resident Population, NSA","Thous. of Persons","2011","6819.155"
"Washington","Resident Population, NSA","Thous. of Persons","2012","6890.899"
"Washington","Resident Population, NSA","Thous. of Persons","2013","6963.41"
"Washington","Resident Population, NSA","Thous. of Persons","2014","7046.931"
"Washington","Resident Population, NSA","Thous. of Persons","2015","7152.818"
"Washington","Resident Population, NSA","Thous. of Persons","2016","7280.934"
"West Virginia","Resident Population, NSA","Thous. of Persons","1992","1805.462"
"West Virginia","Resident Population, NSA","Thous. of Persons","1993","1816.179"
"West Virginia","Resident Population, NSA","Thous. of Persons","1994","1818.49"
"West Virginia","Resident Population, NSA","Thous. of Persons","1995","1820.56"
"West Virginia","Resident Population, NSA","Thous. of Persons","1996","1818.983"
"West Virginia","Resident Population, NSA","Thous. of Persons","1997","1815.588"
"West Virginia","Resident Population, NSA","Thous. of Persons","1998","1811.688"
"West Virginia","Resident Population, NSA","Thous. of Persons","1999","1806.928"
"West Virginia","Resident Population, NSA","Thous. of Persons","2000","1807.021"
"West Virginia","Resident Population, NSA","Thous. of Persons","2001","1801.481"
"West Virginia","Resident Population, NSA","Thous. of Persons","2002","1805.414"
"West Virginia","Resident Population, NSA","Thous. of Persons","2003","1812.295"
"West Virginia","Resident Population, NSA","Thous. of Persons","2004","1816.438"
"West Virginia","Resident Population, NSA","Thous. of Persons","2005","1820.492"
"West Virginia","Resident Population, NSA","Thous. of Persons","2006","1827.912"
"West Virginia","Resident Population, NSA","Thous. of Persons","2007","1834.052"
"West Virginia","Resident Population, NSA","Thous. of Persons","2008","1840.31"
"West Virginia","Resident Population, NSA","Thous. of Persons","2009","1847.775"
"West Virginia","Resident Population, NSA","Thous. of Persons","2010","1854.315"
"West Virginia","Resident Population, NSA","Thous. of Persons","2011","1854.891"
"West Virginia","Resident Population, NSA","Thous. of Persons","2012","1855.36"
"West Virginia","Resident Population, NSA","Thous. of Persons","2013","1852.333"
"West Virginia","Resident Population, NSA","Thous. of Persons","2014","1847.624"
"West Virginia","Resident Population, NSA","Thous. of Persons","2015","1839.767"
"West Virginia","Resident Population, NSA","Thous. of Persons","2016","1828.637"
"Wisconsin","Resident Population, NSA","Thous. of Persons","1992","5004.636"
"Wisconsin","Resident Population, NSA","Thous. of Persons","1993","5055.318"
"Wisconsin","Resident Population, NSA","Thous. of Persons","1994","5095.504"
"Wisconsin","Resident Population, NSA","Thous. of Persons","1995","5137.004"
"Wisconsin","Resident Population, NSA","Thous. of Persons","1996","5173.828"
"Wisconsin","Resident Population, NSA","Thous. of Persons","1997","5200.235"
"Wisconsin","Resident Population, NSA","Thous. of Persons","1998","5222.124"
"Wisconsin","Resident Population, NSA","Thous. of Persons","1999","5250.446"
"Wisconsin","Resident Population, NSA","Thous. of Persons","2000","5373.999"
"Wisconsin","Resident Population, NSA","Thous. of Persons","2001","5406.835"
"Wisconsin","Resident Population, NSA","Thous. of Persons","2002","5445.162"
"Wisconsin","Resident Population, NSA","Thous. of Persons","2003","5479.203"
"Wisconsin","Resident Population, NSA","Thous. of Persons","2004","5514.026"
"Wisconsin","Resident Population, NSA","Thous. of Persons","2005","5546.166"
"Wisconsin","Resident Population, NSA","Thous. of Persons","2006","5577.655"
"Wisconsin","Resident Population, NSA","Thous. of Persons","2007","5610.775"
"Wisconsin","Resident Population, NSA","Thous. of Persons","2008","5640.996"
"Wisconsin","Resident Population, NSA","Thous. of Persons","2009","5669.264"
"Wisconsin","Resident Population, NSA","Thous. of Persons","2010","5690.403"
"Wisconsin","Resident Population, NSA","Thous. of Persons","2011","5705.812"
"Wisconsin","Resident Population, NSA","Thous. of Persons","2012","5721.075"
"Wisconsin","Resident Population, NSA","Thous. of Persons","2013","5736.673"
"Wisconsin","Resident Population, NSA","Thous. of Persons","2014","5751.272"
"Wisconsin","Resident Population, NSA","Thous. of Persons","2015","5759.744"
"Wisconsin","Resident Population, NSA","Thous. of Persons","2016","5772.917"
"Wyoming","Resident Population, NSA","Thous. of Persons","1992","463.491"
"Wyoming","Resident Population, NSA","Thous. of Persons","1993","469.033"
"Wyoming","Resident Population, NSA","Thous. of Persons","1994","474.982"
"Wyoming","Resident Population, NSA","Thous. of Persons","1995","478.447"
"Wyoming","Resident Population, NSA","Thous. of Persons","1996","480.085"
"Wyoming","Resident Population, NSA","Thous. of Persons","1997","480.031"
"Wyoming","Resident Population, NSA","Thous. of Persons","1998","480.045"
"Wyoming","Resident Population, NSA","Thous. of Persons","1999","479.602"
"Wyoming","Resident Population, NSA","Thous. of Persons","2000","494.3"
"Wyoming","Resident Population, NSA","Thous. of Persons","2001","494.657"
"Wyoming","Resident Population, NSA","Thous. of Persons","2002","500.017"
"Wyoming","Resident Population, NSA","Thous. of Persons","2003","503.453"
"Wyoming","Resident Population, NSA","Thous. of Persons","2004","509.106"
"Wyoming","Resident Population, NSA","Thous. of Persons","2005","514.157"
"Wyoming","Resident Population, NSA","Thous. of Persons","2006","522.667"
"Wyoming","Resident Population, NSA","Thous. of Persons","2007","534.876"
"Wyoming","Resident Population, NSA","Thous. of Persons","2008","546.043"
"Wyoming","Resident Population, NSA","Thous. of Persons","2009","559.851"
"Wyoming","Resident Population, NSA","Thous. of Persons","2010","564.376"
"Wyoming","Resident Population, NSA","Thous. of Persons","2011","567.602"
"Wyoming","Resident Population, NSA","Thous. of Persons","2012","576.608"
"Wyoming","Resident Population, NSA","Thous. of Persons","2013","582.341"
"Wyoming","Resident Population, NSA","Thous. of Persons","2014","583.334"
"Wyoming","Resident Population, NSA","Thous. of Persons","2015","586.102"
"Wyoming","Resident Population, NSA","Thous. of Persons","2016","584.91"
